,id,player_fifa_api_id,player_api_id,date,overall_rating,potential,preferred_foot,attacking_work_rate,defensive_work_rate,crossing,finishing,heading_accuracy,short_passing,volleys,dribbling,curve,free_kick_accuracy,long_passing,ball_control,acceleration,sprint_speed,agility,reactions,balance,shot_power,jumping,stamina,strength,long_shots,aggression,interceptions,positioning,vision,penalties,marking,standing_tackle,sliding_tackle,gk_diving,gk_handling,gk_kicking,gk_positioning,gk_reflexes
451,452,51868,3264,2010-08-30 00:00:00,62.0,73.0,right,,_0,49.0,64.0,65.0,54.0,58.0,58.0,46.0,44.0,27.0,64.0,69.0,54.0,66.0,58.0,62.0,63.0,74.0,58.0,61.0,59.0,52.0,30.0,74.0,66.0,41.0,30.0,34.0,36.0,13.0,7.0,7.0,9.0,13.0
484,485,177295,32637,2010-02-22 00:00:00,61.0,65.0,right,,_0,42.0,60.0,54.0,52.0,,51.0,,42.0,35.0,60.0,74.0,77.0,,52.0,,71.0,,61.0,71.0,59.0,30.0,52.0,57.0,,66.0,22.0,27.0,,7.0,20.0,35.0,20.0,20.0
1329,1330,231638,495841,2016-07-07 00:00:00,72.0,84.0,right,medium,medium,49.0,78.0,71.0,63.0,56.0,74.0,45.0,43.0,49.0,73.0,82.0,81.0,60.0,71.0,60.0,73.0,61.0,64.0,63.0,70.0,35.0,20.0,69.0,59.0,77.0,20.0,20.0,21.0,6.0,14.0,13.0,8.0,6.0
1887,1888,179055,69518,2014-10-17 00:00:00,62.0,64.0,left,high,medium,36.0,47.0,59.0,60.0,21.0,33.0,29.0,57.0,56.0,44.0,69.0,63.0,62.0,63.0,62.0,74.0,65.0,71.0,75.0,59.0,69.0,71.0,39.0,39.0,46.0,59.0,70.0,68.0,6.0,9.0,12.0,15.0,10.0
1925,1926,193768,170593,2016-06-09 00:00:00,73.0,77.0,right,high,medium,73.0,43.0,58.0,71.0,43.0,70.0,73.0,52.0,67.0,71.0,79.0,78.0,76.0,73.0,73.0,69.0,71.0,75.0,70.0,62.0,66.0,73.0,63.0,69.0,50.0,73.0,75.0,74.0,6.0,15.0,12.0,6.0,14.0
2714,2715,189658,154950,2015-12-03 00:00:00,65.0,66.0,right,medium,medium,60.0,45.0,50.0,57.0,33.0,52.0,58.0,50.0,56.0,54.0,81.0,77.0,68.0,61.0,60.0,50.0,64.0,72.0,70.0,43.0,68.0,63.0,45.0,29.0,50.0,66.0,64.0,67.0,15.0,10.0,7.0,14.0,16.0
4458,4459,192731,289250,2016-04-21 00:00:00,66.0,71.0,right,medium,medium,62.0,31.0,64.0,60.0,27.0,59.0,34.0,32.0,58.0,62.0,74.0,75.0,71.0,64.0,62.0,61.0,75.0,68.0,69.0,39.0,66.0,63.0,44.0,48.0,31.0,66.0,66.0,68.0,13.0,11.0,6.0,11.0,14.0
4802,4803,110638,38395,2015-02-20 00:00:00,60.0,60.0,right,medium,medium,25.0,25.0,25.0,25.0,25.0,25.0,25.0,25.0,21.0,27.0,47.0,46.0,31.0,53.0,42.0,25.0,60.0,39.0,68.0,25.0,27.0,21.0,25.0,25.0,25.0,25.0,25.0,25.0,53.0,67.0,60.0,70.0,52.0
5108,5109,158440,42121,2013-09-20 00:00:00,62.0,62.0,right,medium,medium,57.0,58.0,51.0,64.0,51.0,65.0,58.0,55.0,46.0,63.0,80.0,80.0,75.0,54.0,91.0,51.0,65.0,62.0,42.0,46.0,68.0,43.0,69.0,53.0,56.0,44.0,46.0,35.0,5.0,13.0,10.0,15.0,7.0
5809,5810,189757,124144,2016-04-21 00:00:00,71.0,73.0,right,medium,medium,45.0,74.0,69.0,61.0,53.0,72.0,52.0,43.0,55.0,78.0,72.0,68.0,54.0,64.0,51.0,67.0,58.0,75.0,80.0,63.0,63.0,31.0,73.0,55.0,55.0,32.0,33.0,29.0,7.0,16.0,15.0,8.0,6.0
5845,5846,204257,69018,2016-01-21 00:00:00,65.0,65.0,right,medium,medium,58.0,40.0,59.0,61.0,40.0,59.0,40.0,31.0,55.0,62.0,73.0,72.0,67.0,65.0,72.0,57.0,79.0,71.0,71.0,37.0,62.0,60.0,47.0,45.0,27.0,65.0,68.0,67.0,15.0,10.0,6.0,15.0,16.0
6452,6453,142359,27679,2014-10-31 00:00:00,74.0,74.0,left,medium,medium,35.0,29.0,67.0,57.0,29.0,38.0,39.0,44.0,65.0,51.0,50.0,52.0,33.0,70.0,55.0,71.0,69.0,33.0,77.0,60.0,86.0,84.0,29.0,24.0,39.0,80.0,77.0,74.0,13.0,7.0,9.0,7.0,13.0
6871,6872,52951,39204,2013-09-20 00:00:00,64.0,64.0,right,medium,medium,25.0,25.0,25.0,21.0,25.0,25.0,25.0,25.0,32.0,28.0,24.0,23.0,33.0,55.0,35.0,22.0,55.0,28.0,54.0,25.0,30.0,22.0,25.0,25.0,27.0,25.0,25.0,25.0,62.0,62.0,50.0,68.0,68.0
8956,8957,191589,167285,2016-05-05 00:00:00,66.0,66.0,left,medium,medium,20.0,14.0,21.0,23.0,24.0,14.0,16.0,15.0,24.0,12.0,32.0,37.0,50.0,75.0,56.0,17.0,63.0,19.0,66.0,20.0,42.0,25.0,11.0,42.0,18.0,16.0,21.0,13.0,68.0,59.0,56.0,64.0,72.0
9514,9515,182860,57067,2016-06-16 00:00:00,73.0,73.0,right,medium,high,74.0,51.0,66.0,76.0,69.0,71.0,73.0,69.0,74.0,74.0,75.0,74.0,72.0,75.0,70.0,74.0,72.0,75.0,68.0,72.0,83.0,79.0,73.0,69.0,65.0,71.0,77.0,79.0,8.0,8.0,6.0,12.0,15.0
10772,10773,139245,38504,2015-03-06 00:00:00,66.0,66.0,right,medium,high,39.0,36.0,60.0,56.0,34.0,49.0,33.0,48.0,51.0,56.0,74.0,75.0,57.0,42.0,60.0,77.0,70.0,70.0,90.0,44.0,82.0,64.0,36.0,48.0,31.0,62.0,67.0,65.0,15.0,8.0,5.0,15.0,9.0
11159,11160,169405,38170,2015-03-27 00:00:00,64.0,64.0,right,low,medium,29.0,48.0,69.0,54.0,22.0,25.0,25.0,25.0,42.0,49.0,27.0,29.0,31.0,65.0,45.0,54.0,55.0,30.0,79.0,36.0,68.0,64.0,25.0,43.0,40.0,63.0,66.0,60.0,5.0,15.0,8.0,6.0,13.0
11338,11339,53519,150082,2016-03-10 00:00:00,69.0,69.0,right,low,medium,51.0,36.0,64.0,65.0,36.0,57.0,54.0,51.0,64.0,64.0,54.0,55.0,60.0,62.0,61.0,51.0,80.0,52.0,79.0,50.0,70.0,70.0,36.0,42.0,54.0,70.0,70.0,66.0,9.0,16.0,10.0,15.0,7.0
12514,12515,181381,45435,2016-03-17 00:00:00,64.0,65.0,right,medium,medium,61.0,45.0,64.0,65.0,51.0,57.0,53.0,45.0,63.0,62.0,68.0,51.0,66.0,68.0,73.0,66.0,77.0,82.0,72.0,62.0,79.0,60.0,61.0,62.0,57.0,63.0,65.0,64.0,8.0,14.0,16.0,14.0,9.0
12704,12705,183999,72401,2014-01-31 00:00:00,63.0,68.0,right,medium,medium,58.0,67.0,62.0,61.0,57.0,62.0,53.0,33.0,47.0,64.0,62.0,44.0,60.0,57.0,59.0,68.0,55.0,30.0,70.0,58.0,49.0,24.0,64.0,53.0,67.0,23.0,21.0,23.0,15.0,8.0,14.0,10.0,10.0
13882,13883,177633,41292,2015-11-26 00:00:00,72.0,72.0,right,high,medium,56.0,73.0,65.0,64.0,65.0,76.0,49.0,50.0,49.0,77.0,84.0,80.0,82.0,76.0,77.0,69.0,74.0,73.0,61.0,63.0,62.0,26.0,72.0,60.0,69.0,14.0,23.0,20.0,6.0,13.0,8.0,14.0,11.0
14027,14028,150263,33850,2010-08-30 00:00:00,71.0,76.0,right,None,o,64.0,61.0,66.0,68.0,68.0,73.0,51.0,64.0,67.0,77.0,68.0,72.0,63.0,61.0,77.0,80.0,63.0,76.0,77.0,66.0,76.0,74.0,64.0,75.0,83.0,71.0,66.0,62.0,14.0,11.0,8.0,15.0,5.0
14172,14173,221376,97359,2015-03-06 00:00:00,67.0,68.0,right,medium,medium,46.0,36.0,72.0,56.0,29.0,31.0,24.0,27.0,51.0,53.0,63.0,66.0,56.0,67.0,54.0,60.0,71.0,64.0,73.0,39.0,70.0,66.0,37.0,38.0,36.0,66.0,69.0,68.0,11.0,6.0,15.0,9.0,8.0
14531,14532,164465,24162,2015-11-19 00:00:00,65.0,65.0,right,medium,high,64.0,40.0,61.0,58.0,43.0,61.0,45.0,64.0,57.0,57.0,66.0,69.0,62.0,58.0,75.0,55.0,77.0,72.0,70.0,49.0,64.0,65.0,49.0,58.0,49.0,68.0,65.0,70.0,12.0,13.0,9.0,10.0,15.0
14613,14614,183870,40659,2016-05-05 00:00:00,76.0,76.0,left,high,medium,76.0,68.0,65.0,76.0,72.0,80.0,74.0,65.0,64.0,80.0,86.0,80.0,84.0,70.0,78.0,72.0,62.0,78.0,64.0,68.0,60.0,38.0,76.0,70.0,70.0,28.0,32.0,28.0,9.0,16.0,8.0,9.0,16.0
15083,15084,186504,16678,2016-05-12 00:00:00,70.0,70.0,right,medium,medium,70.0,72.0,56.0,69.0,63.0,74.0,70.0,59.0,63.0,75.0,75.0,73.0,77.0,66.0,77.0,72.0,53.0,71.0,69.0,69.0,51.0,47.0,64.0,69.0,52.0,39.0,49.0,47.0,7.0,15.0,14.0,9.0,6.0
16286,16287,189451,149584,2016-03-24 00:00:00,70.0,70.0,left,high,high,48.0,72.0,73.0,68.0,65.0,65.0,67.0,56.0,42.0,68.0,50.0,50.0,52.0,68.0,32.0,77.0,65.0,62.0,92.0,69.0,81.0,39.0,70.0,60.0,73.0,35.0,36.0,32.0,9.0,8.0,7.0,12.0,12.0
16600,16601,169464,63520,2015-11-06 00:00:00,72.0,73.0,left,medium,medium,76.0,40.0,69.0,74.0,52.0,72.0,69.0,40.0,68.0,73.0,86.0,85.0,75.0,66.0,58.0,66.0,73.0,75.0,72.0,50.0,66.0,62.0,64.0,50.0,49.0,66.0,71.0,70.0,10.0,9.0,6.0,8.0,10.0
16814,16815,51075,26630,2013-02-15 00:00:00,67.0,67.0,right,medium,medium,70.0,62.0,54.0,73.0,57.0,64.0,68.0,68.0,66.0,72.0,50.0,48.0,51.0,63.0,60.0,71.0,55.0,59.0,73.0,70.0,61.0,62.0,68.0,74.0,70.0,55.0,59.0,58.0,14.0,13.0,13.0,15.0,8.0
16836,16837,184935,103964,2016-03-17 00:00:00,70.0,71.0,left,high,medium,69.0,18.0,52.0,69.0,17.0,67.0,45.0,53.0,58.0,72.0,75.0,73.0,69.0,67.0,84.0,16.0,65.0,72.0,62.0,22.0,72.0,68.0,58.0,49.0,51.0,73.0,68.0,73.0,16.0,6.0,16.0,9.0,13.0
18159,18160,220166,361055,2015-04-10 00:00:00,64.0,70.0,right,medium,medium,58.0,58.0,48.0,58.0,54.0,71.0,48.0,46.0,48.0,68.0,74.0,76.0,73.0,62.0,70.0,66.0,47.0,58.0,58.0,51.0,43.0,26.0,63.0,54.0,64.0,21.0,27.0,29.0,8.0,13.0,8.0,14.0,11.0
19338,19339,199763,198099,2016-03-03 00:00:00,70.0,74.0,right,medium,medium,66.0,57.0,59.0,69.0,59.0,68.0,58.0,50.0,59.0,66.0,85.0,82.0,78.0,68.0,72.0,63.0,70.0,82.0,67.0,57.0,76.0,65.0,65.0,72.0,59.0,69.0,67.0,65.0,9.0,8.0,16.0,7.0,15.0
19642,19643,170786,25863,2012-02-22 00:00:00,55.0,63.0,right,medium,medium,58.0,40.0,44.0,57.0,41.0,49.0,40.0,54.0,51.0,60.0,64.0,67.0,60.0,61.0,70.0,66.0,69.0,71.0,64.0,47.0,51.0,51.0,50.0,44.0,54.0,52.0,56.0,45.0,10.0,12.0,7.0,10.0,7.0
20654,20655,202753,246330,2012-02-22 00:00:00,61.0,66.0,right,medium,medium,56.0,66.0,63.0,60.0,58.0,60.0,62.0,43.0,58.0,63.0,70.0,64.0,59.0,57.0,60.0,63.0,65.0,63.0,64.0,59.0,63.0,23.0,59.0,56.0,63.0,23.0,15.0,16.0,9.0,15.0,7.0,10.0,15.0
21789,21790,183228,47553,2016-04-07 00:00:00,64.0,64.0,right,medium,medium,46.0,41.0,67.0,56.0,29.0,45.0,41.0,31.0,57.0,57.0,54.0,54.0,56.0,63.0,44.0,67.0,76.0,55.0,83.0,46.0,62.0,62.0,31.0,49.0,53.0,60.0,63.0,62.0,16.0,12.0,6.0,6.0,16.0
22043,22044,177149,58499,2016-06-09 00:00:00,75.0,75.0,left,medium,medium,81.0,48.0,68.0,79.0,61.0,62.0,62.0,59.0,69.0,74.0,77.0,74.0,73.0,72.0,80.0,68.0,82.0,72.0,75.0,61.0,83.0,75.0,60.0,55.0,49.0,77.0,73.0,78.0,16.0,15.0,14.0,8.0,14.0
22148,22149,215970,465730,2016-03-24 00:00:00,68.0,76.0,left,high,high,65.0,61.0,58.0,66.0,47.0,68.0,45.0,32.0,52.0,64.0,87.0,85.0,78.0,68.0,68.0,66.0,78.0,87.0,72.0,56.0,72.0,65.0,63.0,60.0,70.0,62.0,67.0,63.0,7.0,8.0,16.0,13.0,14.0
22315,22316,212129,410424,2016-01-28 00:00:00,67.0,77.0,left,medium,medium,34.0,22.0,66.0,57.0,28.0,33.0,32.0,25.0,56.0,52.0,49.0,52.0,43.0,59.0,44.0,46.0,60.0,61.0,85.0,31.0,72.0,65.0,47.0,44.0,45.0,63.0,73.0,69.0,15.0,15.0,12.0,14.0,11.0
22951,22952,229158,505059,2016-04-07 00:00:00,67.0,75.0,right,high,medium,67.0,58.0,59.0,71.0,65.0,63.0,76.0,74.0,73.0,70.0,65.0,70.0,62.0,64.0,50.0,78.0,66.0,71.0,78.0,73.0,74.0,53.0,58.0,65.0,58.0,52.0,64.0,57.0,6.0,13.0,8.0,8.0,13.0
23133,23134,219285,198777,2015-02-13 00:00:00,67.0,67.0,right,high,medium,64.0,45.0,62.0,66.0,57.0,73.0,50.0,33.0,62.0,70.0,68.0,76.0,63.0,70.0,54.0,68.0,83.0,84.0,79.0,64.0,70.0,61.0,64.0,60.0,42.0,56.0,62.0,65.0,9.0,14.0,11.0,8.0,13.0
23441,23442,53443,32825,2009-02-22 00:00:00,63.0,71.0,right,,_0,61.0,45.0,66.0,73.0,,64.0,,46.0,65.0,70.0,67.0,67.0,,64.0,,71.0,,64.0,70.0,44.0,65.0,71.0,69.0,,71.0,43.0,55.0,,14.0,21.0,65.0,21.0,21.0
23524,23525,196316,186806,2014-01-17 00:00:00,60.0,64.0,right,medium,medium,25.0,25.0,25.0,36.0,25.0,25.0,25.0,25.0,35.0,25.0,47.0,40.0,31.0,62.0,33.0,35.0,65.0,40.0,62.0,25.0,22.0,25.0,25.0,30.0,25.0,25.0,25.0,25.0,60.0,59.0,56.0,58.0,61.0
24634,24635,186539,113235,2015-12-03 00:00:00,61.0,61.0,left,medium,medium,57.0,42.0,57.0,65.0,48.0,51.0,48.0,53.0,59.0,58.0,53.0,66.0,65.0,64.0,70.0,64.0,68.0,79.0,65.0,48.0,66.0,64.0,60.0,62.0,55.0,63.0,71.0,59.0,13.0,16.0,11.0,16.0,13.0
25227,25228,163016,43305,2010-02-22 00:00:00,64.0,71.0,right,,_0,71.0,53.0,46.0,65.0,,70.0,,60.0,60.0,74.0,74.0,75.0,,70.0,,56.0,,62.0,63.0,66.0,76.0,56.0,59.0,,48.0,61.0,64.0,,12.0,21.0,60.0,21.0,21.0
25295,25296,172210,49562,2013-02-15 00:00:00,60.0,66.0,right,high,medium,43.0,61.0,48.0,53.0,56.0,58.0,37.0,56.0,41.0,58.0,67.0,68.0,57.0,61.0,71.0,64.0,62.0,67.0,73.0,53.0,72.0,18.0,61.0,54.0,69.0,15.0,17.0,14.0,12.0,14.0,8.0,11.0,12.0
25562,25563,165031,38887,2016-06-23 00:00:00,69.0,69.0,right,medium,medium,50.0,70.0,75.0,56.0,74.0,68.0,65.0,58.0,47.0,70.0,82.0,78.0,91.0,66.0,60.0,71.0,92.0,61.0,66.0,57.0,84.0,15.0,67.0,44.0,69.0,25.0,30.0,29.0,16.0,11.0,8.0,11.0,10.0
25904,25905,221860,317822,2016-06-09 00:00:00,70.0,77.0,right,low,medium,43.0,41.0,52.0,72.0,37.0,55.0,48.0,47.0,68.0,67.0,69.0,67.0,72.0,70.0,83.0,61.0,67.0,74.0,64.0,42.0,80.0,72.0,45.0,62.0,49.0,70.0,72.0,70.0,9.0,10.0,12.0,12.0,11.0
26266,26267,182882,56972,2016-05-05 00:00:00,76.0,76.0,left,high,medium,60.0,47.0,70.0,76.0,43.0,70.0,52.0,58.0,76.0,76.0,66.0,67.0,62.0,73.0,53.0,72.0,75.0,84.0,87.0,73.0,81.0,77.0,57.0,68.0,62.0,65.0,79.0,66.0,11.0,6.0,7.0,13.0,7.0
26788,26789,192027,154276,2016-03-24 00:00:00,68.0,70.0,right,medium,medium,65.0,30.0,58.0,64.0,22.0,62.0,52.0,48.0,58.0,64.0,73.0,73.0,72.0,67.0,66.0,63.0,77.0,70.0,62.0,40.0,68.0,69.0,59.0,57.0,50.0,67.0,68.0,69.0,10.0,15.0,10.0,12.0,14.0
27278,27279,105866,39419,2016-05-05 00:00:00,75.0,75.0,right,medium,medium,35.0,23.0,68.0,65.0,30.0,55.0,78.0,80.0,65.0,65.0,55.0,55.0,59.0,71.0,55.0,84.0,69.0,55.0,77.0,80.0,73.0,79.0,33.0,34.0,70.0,79.0,79.0,77.0,9.0,10.0,10.0,7.0,14.0
27709,27710,155976,39109,2016-01-21 00:00:00,75.0,75.0,left,medium,low,82.0,74.0,69.0,81.0,75.0,72.0,79.0,76.0,81.0,76.0,55.0,46.0,63.0,68.0,68.0,85.0,66.0,65.0,77.0,81.0,88.0,60.0,77.0,81.0,83.0,58.0,61.0,57.0,8.0,7.0,9.0,6.0,6.0
27823,27824,219824,260969,2014-11-21 00:00:00,62.0,71.0,right,low,high,44.0,44.0,55.0,55.0,47.0,47.0,44.0,38.0,54.0,43.0,67.0,60.0,62.0,60.0,56.0,47.0,62.0,59.0,60.0,51.0,67.0,62.0,34.0,36.0,39.0,66.0,66.0,67.0,13.0,12.0,14.0,6.0,12.0
27955,27956,188325,40707,2016-04-28 00:00:00,77.0,77.0,right,medium,low,49.0,83.0,79.0,70.0,77.0,66.0,56.0,48.0,61.0,75.0,52.0,65.0,41.0,77.0,50.0,81.0,75.0,70.0,92.0,69.0,83.0,19.0,83.0,56.0,80.0,21.0,17.0,15.0,6.0,10.0,6.0,8.0,8.0
28114,28115,51917,38312,2010-08-30 00:00:00,64.0,66.0,right,norm,ormal,48.0,42.0,54.0,55.0,44.0,57.0,44.0,42.0,54.0,56.0,73.0,71.0,68.0,60.0,56.0,52.0,64.0,78.0,64.0,47.0,79.0,66.0,61.0,69.0,66.0,69.0,68.0,64.0,9.0,11.0,12.0,7.0,15.0
28210,28211,202190,98401,2013-07-12 00:00:00,62.0,64.0,right,medium,medium,41.0,34.0,64.0,57.0,36.0,52.0,53.0,41.0,60.0,58.0,54.0,62.0,59.0,58.0,48.0,62.0,51.0,66.0,82.0,56.0,64.0,58.0,38.0,35.0,52.0,65.0,60.0,55.0,9.0,5.0,10.0,8.0,10.0
28878,28879,205601,242887,2016-05-12 00:00:00,76.0,81.0,left,high,medium,67.0,65.0,50.0,77.0,58.0,81.0,70.0,44.0,66.0,76.0,94.0,90.0,88.0,75.0,92.0,72.0,67.0,66.0,45.0,66.0,49.0,35.0,74.0,70.0,73.0,29.0,30.0,20.0,13.0,12.0,12.0,10.0,9.0
29586,29587,184285,92252,2016-03-31 00:00:00,68.0,68.0,right,medium,medium,65.0,67.0,40.0,66.0,61.0,66.0,56.0,51.0,67.0,68.0,66.0,69.0,70.0,64.0,61.0,68.0,64.0,68.0,63.0,66.0,45.0,54.0,77.0,71.0,55.0,40.0,45.0,43.0,8.0,6.0,11.0,7.0,7.0
30603,30604,156914,31244,2015-11-26 00:00:00,76.0,76.0,left,medium,low,65.0,76.0,85.0,80.0,75.0,76.0,69.0,72.0,78.0,80.0,69.0,68.0,67.0,60.0,63.0,80.0,83.0,84.0,70.0,78.0,66.0,53.0,79.0,75.0,73.0,45.0,54.0,49.0,13.0,6.0,7.0,7.0,11.0
30768,30769,192387,161660,2016-04-28 00:00:00,79.0,81.0,right,high,medium,55.0,83.0,74.0,71.0,80.0,75.0,70.0,51.0,49.0,77.0,79.0,83.0,75.0,84.0,64.0,85.0,78.0,72.0,74.0,76.0,73.0,40.0,80.0,59.0,71.0,21.0,33.0,33.0,6.0,8.0,15.0,12.0,6.0
31068,31069,20607,38113,2010-08-30 00:00:00,66.0,73.0,right,None,3,62.0,60.0,48.0,61.0,61.0,71.0,68.0,60.0,57.0,70.0,77.0,76.0,72.0,70.0,63.0,66.0,64.0,69.0,58.0,65.0,60.0,37.0,71.0,69.0,60.0,27.0,27.0,37.0,8.0,10.0,7.0,7.0,8.0
31517,31518,218614,470836,2015-11-12 00:00:00,65.0,73.0,right,medium,medium,58.0,53.0,56.0,54.0,59.0,73.0,51.0,42.0,47.0,65.0,76.0,78.0,82.0,64.0,75.0,73.0,71.0,69.0,56.0,55.0,67.0,63.0,56.0,46.0,63.0,64.0,66.0,68.0,14.0,15.0,7.0,13.0,13.0
32449,32450,213478,109191,2016-01-14 00:00:00,62.0,62.0,right,medium,medium,60.0,29.0,58.0,55.0,22.0,36.0,28.0,22.0,44.0,50.0,71.0,71.0,58.0,58.0,61.0,40.0,70.0,73.0,66.0,23.0,61.0,62.0,38.0,32.0,32.0,65.0,62.0,62.0,7.0,8.0,15.0,16.0,11.0
32767,32768,204280,500791,2016-03-03 00:00:00,69.0,73.0,left,high,medium,58.0,72.0,65.0,62.0,68.0,70.0,61.0,58.0,54.0,73.0,64.0,70.0,63.0,63.0,41.0,74.0,63.0,57.0,81.0,68.0,52.0,34.0,67.0,50.0,73.0,34.0,33.0,26.0,15.0,11.0,12.0,13.0,10.0
32835,32836,187644,114339,2016-02-04 00:00:00,74.0,74.0,left,medium,low,72.0,60.0,53.0,79.0,61.0,73.0,76.0,75.0,75.0,74.0,67.0,68.0,77.0,74.0,60.0,70.0,50.0,69.0,70.0,65.0,72.0,29.0,74.0,84.0,65.0,27.0,33.0,38.0,9.0,15.0,16.0,8.0,15.0
33295,33296,12011,39313,2015-01-16 00:00:00,68.0,68.0,left,medium,medium,25.0,25.0,25.0,26.0,25.0,25.0,25.0,25.0,20.0,25.0,33.0,31.0,36.0,63.0,32.0,26.0,50.0,25.0,44.0,25.0,24.0,25.0,25.0,25.0,25.0,25.0,25.0,25.0,67.0,68.0,61.0,69.0,70.0
33438,33439,189714,11061,2014-11-14 00:00:00,62.0,62.0,right,medium,medium,36.0,44.0,64.0,48.0,44.0,41.0,30.0,35.0,43.0,50.0,50.0,33.0,29.0,54.0,34.0,47.0,47.0,74.0,83.0,41.0,61.0,61.0,33.0,48.0,42.0,64.0,61.0,62.0,9.0,7.0,11.0,14.0,11.0
33943,33944,179875,101969,2016-04-14 00:00:00,76.0,76.0,right,high,medium,56.0,75.0,77.0,63.0,71.0,74.0,69.0,70.0,38.0,72.0,76.0,74.0,74.0,75.0,56.0,83.0,70.0,79.0,82.0,74.0,72.0,40.0,79.0,64.0,60.0,35.0,38.0,19.0,14.0,13.0,9.0,8.0,16.0
34389,34390,161922,25770,2008-08-30 00:00:00,57.0,62.0,right,,_0,38.0,42.0,56.0,53.0,,48.0,,48.0,50.0,58.0,58.0,55.0,,53.0,,65.0,,53.0,52.0,49.0,56.0,58.0,55.0,,54.0,61.0,62.0,,8.0,21.0,50.0,21.0,21.0
35605,35606,110366,33768,2008-08-30 00:00:00,77.0,81.0,left,None,1,55.0,39.0,76.0,74.0,,40.0,,39.0,60.0,72.0,75.0,72.0,,77.0,,51.0,,77.0,78.0,50.0,70.0,79.0,73.0,,75.0,80.0,80.0,,10.0,21.0,60.0,21.0,21.0
35608,35609,146769,26257,2015-05-29 00:00:00,68.0,68.0,right,medium,medium,69.0,60.0,59.0,67.0,57.0,63.0,71.0,71.0,67.0,68.0,48.0,52.0,46.0,74.0,74.0,68.0,64.0,74.0,65.0,65.0,50.0,70.0,68.0,73.0,62.0,53.0,62.0,60.0,7.0,7.0,5.0,5.0,11.0
38060,38061,215492,355434,2015-12-17 00:00:00,64.0,71.0,right,high,high,59.0,64.0,57.0,63.0,49.0,64.0,58.0,39.0,59.0,63.0,77.0,86.0,66.0,55.0,67.0,64.0,63.0,74.0,66.0,61.0,45.0,32.0,62.0,56.0,55.0,35.0,43.0,45.0,13.0,12.0,10.0,13.0,14.0
38084,38085,177774,68836,2016-04-07 00:00:00,58.0,58.0,left,high,medium,60.0,45.0,48.0,44.0,41.0,61.0,62.0,68.0,59.0,53.0,81.0,78.0,66.0,43.0,61.0,70.0,70.0,72.0,56.0,58.0,67.0,55.0,59.0,64.0,23.0,57.0,58.0,57.0,7.0,7.0,8.0,6.0,14.0
38440,38441,156894,33048,2016-05-05 00:00:00,67.0,67.0,right,high,high,65.0,64.0,66.0,64.0,69.0,64.0,61.0,52.0,61.0,65.0,65.0,75.0,70.0,72.0,66.0,73.0,83.0,91.0,75.0,66.0,68.0,63.0,74.0,63.0,61.0,58.0,66.0,67.0,8.0,12.0,11.0,16.0,12.0
38612,38613,188155,104482,2015-10-23 00:00:00,77.0,78.0,right,high,medium,73.0,55.0,70.0,70.0,67.0,74.0,64.0,56.0,68.0,76.0,74.0,75.0,72.0,79.0,66.0,76.0,71.0,92.0,75.0,64.0,84.0,74.0,68.0,70.0,62.0,76.0,78.0,77.0,15.0,10.0,7.0,11.0,7.0
38989,38990,178623,150320,2015-12-17 00:00:00,65.0,65.0,right,high,medium,68.0,58.0,44.0,60.0,58.0,71.0,71.0,52.0,55.0,72.0,75.0,69.0,81.0,59.0,77.0,61.0,60.0,58.0,65.0,67.0,37.0,26.0,61.0,65.0,50.0,30.0,34.0,33.0,15.0,15.0,15.0,9.0,6.0
39443,39444,177361,46881,2014-11-07 00:00:00,64.0,64.0,right,medium,medium,43.0,39.0,58.0,64.0,44.0,55.0,52.0,62.0,57.0,64.0,61.0,54.0,62.0,62.0,49.0,67.0,66.0,84.0,73.0,65.0,67.0,66.0,45.0,57.0,49.0,58.0,63.0,56.0,15.0,5.0,9.0,9.0,7.0
39938,39939,140498,32446,2015-11-12 00:00:00,75.0,75.0,right,medium,medium,11.0,19.0,14.0,21.0,15.0,14.0,19.0,14.0,30.0,21.0,48.0,50.0,33.0,73.0,41.0,22.0,63.0,34.0,63.0,12.0,41.0,24.0,13.0,42.0,11.0,13.0,14.0,13.0,78.0,72.0,67.0,75.0,79.0
40626,40627,5984,30728,2014-07-18 00:00:00,74.0,74.0,right,medium,low,48.0,79.0,83.0,70.0,80.0,62.0,54.0,58.0,52.0,73.0,38.0,40.0,58.0,77.0,49.0,77.0,67.0,44.0,80.0,60.0,55.0,30.0,86.0,66.0,84.0,22.0,42.0,26.0,5.0,11.0,10.0,15.0,15.0
41773,41774,159074,39107,2014-03-14 00:00:00,60.0,60.0,right,medium,medium,49.0,57.0,38.0,60.0,49.0,62.0,45.0,45.0,53.0,61.0,74.0,71.0,81.0,58.0,82.0,62.0,65.0,69.0,33.0,55.0,36.0,43.0,55.0,58.0,51.0,26.0,51.0,46.0,14.0,7.0,10.0,14.0,15.0
43220,43221,226174,602836,2016-02-18 00:00:00,64.0,74.0,right,medium,medium,63.0,32.0,52.0,57.0,29.0,63.0,33.0,38.0,46.0,44.0,67.0,75.0,56.0,58.0,56.0,36.0,55.0,65.0,66.0,35.0,60.0,61.0,46.0,42.0,41.0,66.0,70.0,73.0,16.0,7.0,10.0,13.0,10.0
43227,43228,215421,476769,2016-05-12 00:00:00,76.0,80.0,left,high,high,57.0,76.0,81.0,64.0,75.0,71.0,48.0,31.0,46.0,75.0,76.0,82.0,74.0,79.0,52.0,77.0,85.0,77.0,73.0,66.0,82.0,34.0,81.0,55.0,66.0,21.0,39.0,36.0,7.0,15.0,11.0,9.0,11.0
43530,43531,9833,5710,2015-10-30 00:00:00,70.0,70.0,right,medium,medium,15.0,11.0,11.0,31.0,14.0,14.0,12.0,12.0,22.0,29.0,31.0,43.0,36.0,67.0,41.0,28.0,45.0,40.0,64.0,16.0,31.0,23.0,14.0,29.0,46.0,13.0,13.0,12.0,68.0,72.0,55.0,75.0,71.0
44706,44707,203177,261609,2016-02-04 00:00:00,71.0,77.0,right,medium,medium,71.0,48.0,57.0,68.0,46.0,79.0,59.0,41.0,65.0,73.0,74.0,79.0,67.0,56.0,66.0,61.0,73.0,74.0,77.0,53.0,68.0,70.0,68.0,55.0,56.0,63.0,75.0,77.0,11.0,7.0,6.0,10.0,14.0
44912,44913,203787,164105,2015-02-20 00:00:00,66.0,66.0,right,high,medium,65.0,64.0,49.0,71.0,59.0,71.0,65.0,54.0,71.0,70.0,84.0,76.0,91.0,65.0,88.0,68.0,76.0,75.0,31.0,61.0,56.0,46.0,68.0,69.0,55.0,35.0,48.0,40.0,11.0,13.0,9.0,8.0,9.0
45296,45297,205427,281338,2016-04-28 00:00:00,72.0,74.0,right,high,medium,52.0,70.0,68.0,68.0,61.0,76.0,55.0,53.0,60.0,76.0,79.0,85.0,71.0,72.0,60.0,71.0,71.0,70.0,80.0,62.0,69.0,47.0,71.0,64.0,67.0,23.0,25.0,21.0,11.0,8.0,16.0,10.0,8.0
45697,45698,171016,74435,2016-03-31 00:00:00,72.0,72.0,left,high,medium,78.0,44.0,62.0,73.0,34.0,65.0,78.0,83.0,71.0,71.0,69.0,73.0,63.0,72.0,58.0,75.0,66.0,72.0,78.0,56.0,81.0,72.0,65.0,59.0,58.0,65.0,73.0,76.0,15.0,16.0,7.0,14.0,10.0
46411,46412,187570,120621,2016-02-25 00:00:00,73.0,73.0,right,medium,medium,13.0,10.0,14.0,34.0,14.0,14.0,16.0,12.0,32.0,20.0,33.0,41.0,47.0,66.0,50.0,22.0,74.0,44.0,72.0,17.0,38.0,20.0,14.0,54.0,14.0,15.0,10.0,12.0,75.0,72.0,73.0,76.0,75.0
47237,47238,164880,14560,2014-09-12 00:00:00,73.0,73.0,right,medium,low,55.0,77.0,72.0,65.0,67.0,69.0,67.0,62.0,55.0,74.0,69.0,72.0,70.0,74.0,63.0,74.0,55.0,68.0,58.0,72.0,65.0,31.0,75.0,59.0,72.0,41.0,41.0,28.0,9.0,15.0,15.0,5.0,8.0
47835,47836,223524,362121,2016-03-10 00:00:00,70.0,77.0,right,medium,high,27.0,22.0,72.0,55.0,26.0,48.0,29.0,33.0,56.0,57.0,51.0,65.0,45.0,65.0,34.0,55.0,80.0,65.0,79.0,41.0,72.0,70.0,13.0,19.0,34.0,72.0,71.0,70.0,9.0,12.0,7.0,15.0,15.0
47909,47910,201283,185196,2015-01-23 00:00:00,61.0,65.0,right,medium,low,56.0,63.0,59.0,54.0,53.0,60.0,55.0,58.0,48.0,61.0,77.0,65.0,69.0,58.0,57.0,72.0,67.0,50.0,78.0,57.0,33.0,27.0,48.0,52.0,57.0,25.0,26.0,25.0,9.0,8.0,5.0,11.0,5.0
48250,48251,204394,212170,2016-03-17 00:00:00,66.0,69.0,left,medium,medium,50.0,69.0,51.0,63.0,52.0,68.0,51.0,42.0,50.0,68.0,90.0,94.0,85.0,60.0,70.0,66.0,72.0,73.0,67.0,56.0,50.0,30.0,61.0,59.0,44.0,16.0,20.0,14.0,15.0,6.0,10.0,11.0,11.0
48731,48732,169144,148329,2016-04-21 00:00:00,64.0,64.0,right,low,low,46.0,68.0,73.0,63.0,63.0,51.0,36.0,33.0,38.0,56.0,38.0,33.0,41.0,56.0,37.0,71.0,51.0,33.0,88.0,61.0,68.0,32.0,74.0,66.0,60.0,22.0,32.0,25.0,19.0,15.0,19.0,13.0,18.0
49460,49461,183671,79262,2015-09-21 00:00:00,70.0,70.0,right,None,0,30.0,21.0,67.0,54.0,15.0,43.0,59.0,22.0,53.0,48.0,68.0,69.0,68.0,62.0,52.0,66.0,87.0,53.0,82.0,14.0,72.0,69.0,22.0,30.0,65.0,73.0,72.0,70.0,4.0,10.0,11.0,6.0,12.0
50243,50244,188289,161420,2015-11-06 00:00:00,71.0,73.0,right,high,medium,62.0,69.0,74.0,65.0,71.0,70.0,41.0,29.0,58.0,69.0,79.0,74.0,75.0,74.0,65.0,77.0,75.0,67.0,76.0,67.0,57.0,24.0,68.0,63.0,66.0,29.0,39.0,33.0,9.0,10.0,16.0,10.0,16.0
50953,50954,49483,23781,2014-04-04 00:00:00,64.0,64.0,right,medium,high,57.0,54.0,68.0,66.0,51.0,64.0,61.0,62.0,61.0,70.0,71.0,76.0,70.0,74.0,75.0,69.0,81.0,83.0,79.0,61.0,84.0,47.0,42.0,67.0,45.0,68.0,75.0,71.0,6.0,9.0,10.0,6.0,5.0
51713,51714,183567,112107,2016-04-14 00:00:00,74.0,74.0,right,medium,medium,15.0,20.0,19.0,33.0,14.0,14.0,14.0,12.0,34.0,30.0,35.0,40.0,36.0,73.0,38.0,39.0,75.0,36.0,69.0,15.0,31.0,18.0,11.0,41.0,25.0,16.0,15.0,13.0,74.0,75.0,80.0,72.0,76.0
51736,51737,202557,244774,2015-01-09 00:00:00,68.0,74.0,right,high,medium,58.0,70.0,68.0,63.0,59.0,69.0,60.0,49.0,53.0,70.0,68.0,77.0,70.0,66.0,62.0,68.0,62.0,71.0,85.0,59.0,54.0,23.0,63.0,56.0,52.0,25.0,25.0,25.0,9.0,12.0,13.0,5.0,8.0
51762,51763,198040,214984,2016-03-10 00:00:00,69.0,69.0,right,medium,medium,14.0,18.0,17.0,22.0,12.0,13.0,11.0,11.0,29.0,21.0,51.0,52.0,58.0,66.0,44.0,25.0,72.0,40.0,68.0,19.0,40.0,18.0,12.0,35.0,20.0,15.0,12.0,13.0,73.0,67.0,68.0,67.0,73.0
52345,52346,199666,199916,2016-02-04 00:00:00,69.0,75.0,right,medium,high,57.0,47.0,51.0,63.0,58.0,58.0,60.0,60.0,71.0,69.0,74.0,68.0,75.0,71.0,64.0,67.0,78.0,71.0,65.0,60.0,73.0,71.0,46.0,70.0,63.0,61.0,71.0,70.0,10.0,15.0,12.0,8.0,13.0
52671,52672,208470,310355,2016-05-05 00:00:00,70.0,74.0,left,medium,medium,64.0,38.0,65.0,64.0,32.0,57.0,57.0,59.0,62.0,70.0,70.0,72.0,74.0,68.0,82.0,59.0,78.0,76.0,68.0,50.0,70.0,62.0,38.0,44.0,49.0,76.0,73.0,73.0,11.0,13.0,13.0,8.0,13.0
52954,52955,182177,41666,2016-02-18 00:00:00,67.0,67.0,right,medium,medium,40.0,15.0,62.0,50.0,30.0,40.0,23.0,20.0,50.0,55.0,78.0,78.0,76.0,66.0,60.0,40.0,87.0,66.0,68.0,31.0,72.0,69.0,15.0,30.0,25.0,66.0,68.0,68.0,11.0,9.0,9.0,11.0,14.0
53149,53150,24894,34222,2014-03-21 00:00:00,69.0,69.0,left,medium,medium,81.0,59.0,66.0,70.0,54.0,67.0,78.0,79.0,70.0,76.0,60.0,68.0,65.0,69.0,75.0,70.0,68.0,49.0,69.0,73.0,63.0,70.0,57.0,66.0,56.0,70.0,71.0,72.0,7.0,7.0,10.0,9.0,15.0
53360,53361,192253,121286,2015-04-24 00:00:00,63.0,66.0,right,medium,medium,59.0,55.0,57.0,67.0,57.0,63.0,57.0,57.0,63.0,67.0,68.0,68.0,66.0,60.0,64.0,75.0,74.0,68.0,68.0,65.0,61.0,60.0,60.0,64.0,50.0,47.0,53.0,49.0,5.0,12.0,10.0,6.0,5.0
53542,53543,164225,19353,2012-02-22 00:00:00,64.0,64.0,left,medium,medium,70.0,52.0,56.0,69.0,50.0,59.0,52.0,52.0,58.0,63.0,72.0,74.0,76.0,67.0,68.0,62.0,82.0,67.0,59.0,70.0,61.0,57.0,61.0,65.0,58.0,64.0,66.0,65.0,6.0,6.0,14.0,14.0,6.0
53651,53652,211214,363363,2016-03-24 00:00:00,66.0,78.0,right,medium,medium,66.0,58.0,53.0,63.0,59.0,74.0,38.0,55.0,55.0,72.0,78.0,84.0,85.0,50.0,79.0,68.0,84.0,59.0,56.0,57.0,48.0,13.0,57.0,60.0,61.0,25.0,36.0,21.0,16.0,7.0,12.0,9.0,9.0
53775,53776,178437,39397,2015-10-16 00:00:00,65.0,65.0,right,high,medium,66.0,37.0,56.0,61.0,39.0,60.0,59.0,58.0,61.0,63.0,66.0,70.0,74.0,68.0,61.0,63.0,82.0,63.0,62.0,41.0,67.0,66.0,33.0,32.0,47.0,64.0,67.0,68.0,12.0,13.0,14.0,11.0,14.0
54379,54380,213814,438507,2016-04-07 00:00:00,67.0,75.0,right,medium,medium,66.0,62.0,36.0,65.0,46.0,66.0,42.0,36.0,57.0,74.0,75.0,71.0,71.0,62.0,74.0,53.0,49.0,55.0,51.0,45.0,38.0,23.0,65.0,67.0,43.0,30.0,27.0,26.0,11.0,10.0,6.0,10.0,5.0
55517,55518,135570,11827,2010-08-30 00:00:00,68.0,69.0,right,,_0,48.0,53.0,70.0,63.0,53.0,46.0,17.0,36.0,61.0,57.0,64.0,63.0,64.0,68.0,73.0,58.0,75.0,65.0,75.0,51.0,67.0,70.0,30.0,63.0,52.0,67.0,68.0,65.0,14.0,13.0,7.0,7.0,9.0
55680,55681,207707,304014,2016-03-03 00:00:00,74.0,75.0,left,medium,medium,77.0,55.0,54.0,70.0,44.0,73.0,62.0,49.0,60.0,71.0,80.0,82.0,74.0,74.0,71.0,76.0,72.0,85.0,70.0,54.0,70.0,74.0,70.0,53.0,43.0,67.0,72.0,74.0,6.0,11.0,14.0,13.0,11.0
56945,56946,211092,360156,2015-01-09 00:00:00,58.0,63.0,right,None,3,37.0,64.0,66.0,51.0,41.0,55.0,40.0,40.0,38.0,54.0,71.0,72.0,70.0,51.0,58.0,64.0,64.0,56.0,58.0,52.0,31.0,25.0,50.0,48.0,64.0,22.0,22.0,25.0,7.0,14.0,9.0,8.0,11.0
57229,57230,197948,184521,2016-07-07 00:00:00,73.0,77.0,right,medium,high,51.0,42.0,75.0,68.0,42.0,47.0,47.0,41.0,67.0,62.0,49.0,55.0,52.0,67.0,47.0,77.0,55.0,74.0,92.0,66.0,77.0,72.0,46.0,32.0,43.0,74.0,75.0,69.0,11.0,15.0,15.0,12.0,7.0
57761,57762,188076,40656,2016-05-12 00:00:00,71.0,72.0,right,medium,high,63.0,45.0,65.0,72.0,59.0,67.0,64.0,50.0,68.0,71.0,61.0,55.0,68.0,70.0,70.0,71.0,68.0,78.0,74.0,65.0,78.0,73.0,64.0,63.0,34.0,61.0,71.0,71.0,10.0,9.0,12.0,12.0,15.0
58256,58257,130933,37753,2016-05-05 00:00:00,63.0,63.0,right,low,high,34.0,24.0,63.0,53.0,25.0,28.0,23.0,21.0,44.0,52.0,49.0,54.0,42.0,51.0,40.0,53.0,75.0,64.0,80.0,22.0,69.0,57.0,22.0,22.0,48.0,63.0,65.0,59.0,11.0,14.0,16.0,16.0,10.0
58626,58627,156647,41177,2014-07-25 00:00:00,67.0,67.0,right,medium,low,64.0,64.0,61.0,62.0,63.0,71.0,49.0,38.0,52.0,70.0,84.0,83.0,75.0,70.0,76.0,67.0,70.0,63.0,63.0,52.0,49.0,44.0,64.0,63.0,43.0,21.0,26.0,25.0,9.0,11.0,7.0,9.0,13.0
58665,58666,220876,501543,2016-01-07 00:00:00,61.0,72.0,right,medium,medium,39.0,65.0,63.0,48.0,55.0,60.0,40.0,42.0,38.0,63.0,74.0,75.0,60.0,55.0,68.0,66.0,66.0,53.0,45.0,59.0,31.0,12.0,59.0,51.0,68.0,16.0,16.0,15.0,10.0,15.0,7.0,14.0,15.0
59304,59305,899,25524,2011-08-30 00:00:00,74.0,74.0,right,medium,medium,11.0,11.0,11.0,29.0,14.0,12.0,10.0,12.0,32.0,24.0,32.0,39.0,35.0,67.0,35.0,41.0,71.0,29.0,67.0,14.0,74.0,21.0,13.0,30.0,25.0,9.0,10.0,11.0,72.0,74.0,70.0,80.0,75.0
59759,59760,49490,26347,2015-05-01 00:00:00,65.0,65.0,right,medium,low,50.0,62.0,64.0,64.0,65.0,65.0,57.0,38.0,52.0,70.0,67.0,54.0,63.0,60.0,47.0,74.0,73.0,48.0,75.0,68.0,52.0,32.0,65.0,64.0,65.0,31.0,33.0,28.0,10.0,12.0,6.0,14.0,15.0
60102,60103,193461,45376,2014-10-02 00:00:00,70.0,75.0,right,medium,medium,66.0,66.0,44.0,65.0,65.0,74.0,65.0,60.0,53.0,72.0,90.0,93.0,85.0,70.0,86.0,68.0,72.0,72.0,58.0,65.0,52.0,25.0,70.0,60.0,69.0,25.0,25.0,25.0,9.0,12.0,14.0,15.0,6.0
60461,60462,135537,37428,2015-11-19 00:00:00,68.0,68.0,right,medium,medium,51.0,51.0,69.0,56.0,36.0,52.0,50.0,71.0,53.0,57.0,38.0,44.0,56.0,70.0,54.0,87.0,59.0,65.0,75.0,48.0,70.0,63.0,24.0,53.0,58.0,69.0,73.0,76.0,12.0,8.0,13.0,7.0,7.0
61138,61139,6826,23782,2015-09-21 00:00:00,79.0,79.0,left,medium,high,80.0,56.0,74.0,83.0,65.0,64.0,78.0,78.0,81.0,73.0,32.0,51.0,52.0,78.0,63.0,77.0,70.0,79.0,77.0,71.0,80.0,82.0,58.0,74.0,72.0,79.0,80.0,80.0,7.0,13.0,9.0,7.0,12.0
62483,62484,188230,67333,2015-09-25 00:00:00,62.0,62.0,right,medium,medium,56.0,40.0,54.0,68.0,41.0,62.0,63.0,66.0,51.0,60.0,66.0,68.0,69.0,65.0,65.0,66.0,71.0,63.0,58.0,51.0,57.0,38.0,74.0,64.0,59.0,33.0,44.0,31.0,6.0,14.0,15.0,15.0,7.0
62765,62766,190734,104432,2013-05-10 00:00:00,61.0,70.0,right,medium,medium,8.0,16.0,15.0,13.0,12.0,14.0,14.0,16.0,11.0,18.0,30.0,26.0,39.0,64.0,58.0,20.0,55.0,47.0,69.0,14.0,18.0,16.0,14.0,24.0,28.0,10.0,14.0,12.0,64.0,62.0,42.0,59.0,62.0
63226,63227,24413,5686,2011-02-22 00:00:00,65.0,66.0,right,None,o,66.0,19.0,47.0,63.0,39.0,41.0,39.0,11.0,64.0,60.0,66.0,66.0,65.0,66.0,62.0,58.0,65.0,73.0,68.0,22.0,67.0,69.0,28.0,67.0,38.0,67.0,67.0,66.0,15.0,11.0,13.0,7.0,13.0
64914,64915,157791,41376,2015-02-20 00:00:00,65.0,65.0,left,medium,high,57.0,42.0,50.0,68.0,59.0,58.0,56.0,59.0,67.0,66.0,68.0,64.0,79.0,68.0,82.0,64.0,75.0,79.0,57.0,54.0,80.0,68.0,57.0,59.0,53.0,65.0,70.0,69.0,6.0,4.0,9.0,14.0,9.0
65312,65313,162215,37971,2012-02-22 00:00:00,68.0,70.0,right,medium,medium,19.0,11.0,8.0,11.0,14.0,13.0,12.0,13.0,23.0,24.0,61.0,60.0,58.0,59.0,56.0,37.0,70.0,56.0,71.0,13.0,66.0,27.0,13.0,31.0,15.0,10.0,13.0,10.0,70.0,68.0,72.0,65.0,71.0
66709,66710,134777,26327,2016-01-28 00:00:00,66.0,66.0,right,low,medium,48.0,32.0,70.0,70.0,44.0,46.0,53.0,52.0,65.0,64.0,43.0,45.0,45.0,52.0,52.0,66.0,63.0,65.0,67.0,49.0,64.0,69.0,27.0,70.0,64.0,66.0,72.0,65.0,9.0,10.0,13.0,8.0,10.0
66758,66759,147915,148311,2008-08-30 00:00:00,60.0,65.0,right,,_0,24.0,24.0,35.0,35.0,,24.0,,18.0,61.0,27.0,25.0,28.0,,62.0,,35.0,,50.0,60.0,34.0,39.0,41.0,27.0,,35.0,21.0,24.0,,62.0,55.0,61.0,62.0,62.0
67125,67126,187857,114822,2016-03-31 00:00:00,64.0,66.0,left,medium,medium,15.0,12.0,16.0,37.0,12.0,16.0,14.0,11.0,36.0,16.0,45.0,45.0,52.0,60.0,57.0,21.0,71.0,33.0,72.0,13.0,19.0,22.0,13.0,46.0,17.0,14.0,15.0,18.0,63.0,63.0,67.0,63.0,68.0
67474,67475,170785,67311,2015-10-02 00:00:00,58.0,58.0,right,medium,medium,10.0,13.0,10.0,34.0,12.0,10.0,11.0,11.0,18.0,17.0,31.0,40.0,33.0,46.0,40.0,16.0,34.0,30.0,52.0,6.0,24.0,11.0,11.0,12.0,17.0,13.0,15.0,12.0,66.0,52.0,60.0,56.0,66.0
70001,70002,183256,94010,2016-03-10 00:00:00,77.0,80.0,right,high,high,79.0,74.0,77.0,81.0,69.0,82.0,73.0,76.0,80.0,80.0,77.0,77.0,83.0,77.0,76.0,75.0,90.0,77.0,69.0,65.0,59.0,65.0,76.0,81.0,66.0,60.0,60.0,62.0,10.0,8.0,13.0,15.0,11.0
70927,70928,14491,33793,2012-02-22 00:00:00,66.0,66.0,left,medium,medium,43.0,36.0,69.0,54.0,44.0,58.0,68.0,58.0,64.0,55.0,34.0,32.0,55.0,63.0,36.0,65.0,49.0,64.0,77.0,47.0,72.0,73.0,35.0,55.0,52.0,65.0,70.0,61.0,14.0,5.0,8.0,9.0,8.0
71638,71639,199416,213470,2015-12-17 00:00:00,77.0,79.0,right,high,medium,79.0,76.0,48.0,67.0,75.0,82.0,86.0,77.0,75.0,81.0,77.0,76.0,84.0,69.0,78.0,83.0,65.0,78.0,66.0,82.0,64.0,44.0,74.0,71.0,66.0,46.0,59.0,56.0,14.0,8.0,13.0,7.0,11.0
71985,71986,152828,40962,2014-12-19 00:00:00,70.0,70.0,right,medium,medium,74.0,67.0,58.0,78.0,69.0,71.0,71.0,65.0,74.0,72.0,73.0,74.0,74.0,69.0,70.0,73.0,81.0,68.0,67.0,70.0,61.0,64.0,64.0,73.0,78.0,59.0,58.0,50.0,6.0,5.0,7.0,6.0,6.0
72669,72670,210314,355363,2016-05-12 00:00:00,67.0,69.0,left,medium,medium,53.0,70.0,72.0,62.0,49.0,66.0,40.0,39.0,54.0,69.0,53.0,55.0,49.0,67.0,40.0,76.0,33.0,20.0,80.0,51.0,68.0,22.0,67.0,39.0,57.0,20.0,27.0,14.0,13.0,10.0,10.0,8.0,8.0
73551,73552,184873,78411,2016-01-21 00:00:00,72.0,72.0,right,medium,medium,43.0,22.0,73.0,64.0,19.0,35.0,48.0,58.0,61.0,65.0,62.0,64.0,63.0,68.0,60.0,45.0,72.0,75.0,81.0,45.0,78.0,71.0,21.0,51.0,49.0,74.0,72.0,70.0,6.0,10.0,16.0,6.0,15.0
74251,74252,186589,15732,2016-05-12 00:00:00,73.0,74.0,right,low,high,62.0,40.0,72.0,77.0,56.0,65.0,60.0,58.0,77.0,75.0,55.0,64.0,60.0,73.0,58.0,84.0,72.0,78.0,82.0,79.0,79.0,79.0,61.0,67.0,51.0,72.0,76.0,66.0,5.0,6.0,6.0,5.0,5.0
74403,74404,198286,31310,2012-02-22 00:00:00,66.0,69.0,right,None,9,59.0,49.0,67.0,68.0,52.0,60.0,52.0,66.0,68.0,63.0,61.0,61.0,63.0,66.0,64.0,66.0,72.0,66.0,74.0,56.0,69.0,65.0,56.0,64.0,67.0,63.0,68.0,66.0,7.0,12.0,8.0,14.0,10.0
74426,74427,164851,40967,2016-03-03 00:00:00,70.0,70.0,left,medium,low,69.0,61.0,43.0,69.0,43.0,74.0,59.0,68.0,61.0,74.0,79.0,78.0,78.0,65.0,73.0,71.0,34.0,66.0,55.0,66.0,55.0,35.0,65.0,64.0,69.0,33.0,31.0,25.0,13.0,6.0,14.0,13.0,16.0
74556,74557,177398,39847,2016-03-31 00:00:00,74.0,74.0,right,medium,medium,74.0,65.0,56.0,75.0,77.0,78.0,76.0,72.0,70.0,77.0,78.0,76.0,82.0,77.0,85.0,79.0,68.0,63.0,51.0,76.0,64.0,32.0,73.0,75.0,73.0,19.0,33.0,35.0,11.0,10.0,12.0,11.0,15.0
75446,75447,204354,289159,2016-02-11 00:00:00,65.0,72.0,left,medium,medium,13.0,14.0,17.0,32.0,11.0,11.0,14.0,12.0,32.0,34.0,44.0,55.0,50.0,62.0,50.0,32.0,70.0,34.0,52.0,12.0,40.0,22.0,13.0,30.0,44.0,14.0,18.0,19.0,67.0,64.0,61.0,64.0,66.0
75750,75751,215581,464621,2015-02-20 00:00:00,58.0,65.0,left,medium,medium,58.0,51.0,36.0,59.0,49.0,54.0,53.0,46.0,54.0,55.0,85.0,78.0,85.0,47.0,81.0,43.0,52.0,74.0,48.0,62.0,37.0,61.0,49.0,42.0,57.0,26.0,24.0,23.0,15.0,9.0,14.0,10.0,12.0
75754,75755,229973,689987,2016-04-07 00:00:00,53.0,68.0,right,medium,medium,40.0,41.0,46.0,61.0,39.0,54.0,54.0,46.0,57.0,54.0,52.0,68.0,54.0,50.0,57.0,52.0,53.0,43.0,71.0,36.0,45.0,30.0,39.0,60.0,51.0,34.0,46.0,47.0,8.0,5.0,6.0,8.0,7.0
75758,75759,156259,13376,2016-05-05 00:00:00,70.0,70.0,right,low,medium,64.0,46.0,66.0,54.0,61.0,54.0,39.0,27.0,57.0,52.0,75.0,73.0,76.0,68.0,64.0,63.0,84.0,82.0,78.0,52.0,80.0,66.0,52.0,56.0,35.0,73.0,71.0,70.0,9.0,16.0,6.0,14.0,9.0
75971,75972,53034,46651,2014-09-18 00:00:00,65.0,65.0,right,medium,high,44.0,39.0,53.0,67.0,29.0,59.0,56.0,65.0,66.0,63.0,51.0,55.0,56.0,65.0,77.0,44.0,64.0,87.0,71.0,63.0,72.0,64.0,50.0,68.0,55.0,60.0,65.0,64.0,11.0,10.0,14.0,15.0,14.0
77190,77191,126925,39840,2015-04-24 00:00:00,73.0,73.0,right,medium,low,69.0,68.0,44.0,77.0,70.0,75.0,80.0,71.0,62.0,77.0,76.0,69.0,78.0,76.0,77.0,74.0,58.0,58.0,51.0,70.0,37.0,24.0,74.0,77.0,70.0,25.0,25.0,25.0,6.0,10.0,10.0,5.0,14.0
77342,77343,186456,109649,2016-05-05 00:00:00,72.0,72.0,left,medium,medium,61.0,53.0,69.0,79.0,42.0,62.0,80.0,74.0,72.0,74.0,40.0,37.0,62.0,73.0,61.0,75.0,82.0,71.0,70.0,74.0,65.0,69.0,66.0,68.0,66.0,79.0,77.0,71.0,6.0,15.0,10.0,7.0,6.0
78022,78023,169170,37976,2008-08-30 00:00:00,64.0,68.0,right,stoc,tocky,53.0,46.0,68.0,55.0,,51.0,,42.0,56.0,56.0,63.0,61.0,,61.0,,60.0,,55.0,68.0,48.0,68.0,43.0,52.0,,57.0,63.0,66.0,,5.0,22.0,56.0,22.0,22.0
79951,79952,200759,214570,2016-04-14 00:00:00,69.0,77.0,left,high,medium,64.0,56.0,62.0,64.0,64.0,74.0,62.0,34.0,54.0,69.0,87.0,86.0,79.0,69.0,80.0,74.0,77.0,76.0,81.0,53.0,68.0,65.0,63.0,61.0,68.0,65.0,68.0,63.0,9.0,7.0,8.0,10.0,9.0
80264,80265,200157,240044,2015-12-10 00:00:00,70.0,73.0,right,medium,high,67.0,68.0,70.0,67.0,67.0,71.0,52.0,50.0,62.0,69.0,73.0,75.0,67.0,72.0,59.0,73.0,72.0,77.0,73.0,65.0,63.0,42.0,72.0,65.0,57.0,16.0,36.0,38.0,14.0,14.0,8.0,13.0,7.0
80305,80306,198006,188557,2016-04-07 00:00:00,73.0,74.0,right,high,high,76.0,71.0,51.0,75.0,72.0,72.0,84.0,81.0,68.0,76.0,68.0,71.0,67.0,74.0,72.0,82.0,72.0,90.0,70.0,75.0,69.0,40.0,71.0,76.0,56.0,49.0,56.0,53.0,14.0,15.0,16.0,6.0,6.0
80740,80741,168294,26235,2014-02-14 00:00:00,65.0,67.0,right,low,medium,42.0,42.0,65.0,54.0,39.0,37.0,51.0,47.0,55.0,56.0,30.0,33.0,44.0,66.0,57.0,65.0,57.0,57.0,79.0,56.0,73.0,69.0,43.0,44.0,58.0,63.0,64.0,63.0,15.0,8.0,13.0,11.0,15.0
80904,80905,49076,30818,2014-01-31 00:00:00,72.0,72.0,right,medium,medium,69.0,69.0,66.0,74.0,76.0,71.0,69.0,70.0,72.0,70.0,68.0,68.0,79.0,76.0,67.0,76.0,80.0,86.0,74.0,75.0,73.0,65.0,69.0,74.0,77.0,62.0,65.0,67.0,14.0,7.0,11.0,7.0,15.0
81615,81616,192457,174030,2016-06-16 00:00:00,69.0,69.0,left,medium,medium,13.0,16.0,15.0,17.0,16.0,14.0,13.0,13.0,26.0,13.0,49.0,46.0,34.0,67.0,42.0,22.0,66.0,38.0,68.0,14.0,24.0,23.0,15.0,35.0,21.0,13.0,12.0,14.0,72.0,68.0,58.0,66.0,75.0
81712,81713,144956,75606,2015-02-06 00:00:00,63.0,63.0,right,medium,medium,62.0,46.0,55.0,63.0,36.0,58.0,63.0,55.0,59.0,62.0,67.0,70.0,65.0,64.0,59.0,51.0,72.0,75.0,68.0,52.0,72.0,63.0,56.0,55.0,48.0,60.0,62.0,58.0,6.0,14.0,12.0,5.0,12.0
81898,81899,209314,363325,2014-09-18 00:00:00,58.0,69.0,right,high,high,48.0,36.0,40.0,55.0,23.0,57.0,43.0,27.0,47.0,58.0,74.0,76.0,70.0,61.0,71.0,55.0,71.0,80.0,67.0,54.0,50.0,56.0,46.0,57.0,32.0,57.0,58.0,58.0,6.0,8.0,14.0,5.0,10.0
83135,83136,215330,319631,2016-05-12 00:00:00,71.0,79.0,right,medium,low,72.0,51.0,43.0,73.0,69.0,77.0,68.0,63.0,72.0,77.0,79.0,78.0,79.0,70.0,67.0,70.0,49.0,74.0,69.0,71.0,48.0,21.0,63.0,67.0,57.0,19.0,21.0,16.0,11.0,10.0,7.0,8.0,8.0
84856,84857,199522,208676,2016-04-21 00:00:00,67.0,67.0,right,medium,medium,50.0,67.0,71.0,66.0,59.0,68.0,57.0,60.0,57.0,71.0,79.0,77.0,71.0,65.0,76.0,63.0,68.0,71.0,62.0,67.0,67.0,24.0,62.0,54.0,63.0,20.0,17.0,17.0,15.0,7.0,15.0,11.0,6.0
85145,85146,201146,449494,2016-06-02 00:00:00,73.0,73.0,right,medium,high,51.0,30.0,44.0,77.0,30.0,43.0,45.0,48.0,70.0,69.0,65.0,64.0,66.0,64.0,54.0,67.0,64.0,77.0,80.0,34.0,73.0,75.0,45.0,57.0,53.0,72.0,81.0,71.0,8.0,7.0,14.0,13.0,15.0
85453,85454,223550,557342,2016-03-10 00:00:00,51.0,61.0,right,medium,medium,19.0,13.0,20.0,29.0,12.0,20.0,19.0,13.0,25.0,25.0,46.0,46.0,30.0,51.0,49.0,24.0,55.0,30.0,70.0,18.0,17.0,22.0,15.0,11.0,26.0,15.0,16.0,15.0,57.0,47.0,56.0,45.0,54.0
85657,85658,228294,625167,2015-09-21 00:00:00,62.0,70.0,right,medium,medium,55.0,32.0,50.0,59.0,36.0,59.0,40.0,37.0,40.0,59.0,65.0,63.0,60.0,60.0,78.0,33.0,61.0,56.0,40.0,34.0,63.0,61.0,51.0,40.0,49.0,68.0,71.0,67.0,14.0,16.0,6.0,9.0,8.0
85671,85672,215322,317771,2016-02-11 00:00:00,73.0,79.0,left,high,medium,73.0,44.0,60.0,66.0,52.0,72.0,70.0,70.0,60.0,71.0,78.0,82.0,74.0,71.0,77.0,79.0,70.0,84.0,58.0,76.0,79.0,70.0,69.0,60.0,40.0,71.0,75.0,75.0,15.0,6.0,9.0,13.0,10.0
85952,85953,231408,682552,2016-05-05 00:00:00,65.0,84.0,right,medium,medium,39.0,66.0,64.0,53.0,50.0,66.0,46.0,34.0,41.0,63.0,89.0,91.0,73.0,58.0,69.0,66.0,65.0,72.0,67.0,57.0,30.0,16.0,60.0,53.0,78.0,20.0,17.0,23.0,6.0,12.0,11.0,8.0,9.0
86516,86517,189169,128732,2016-03-10 00:00:00,79.0,80.0,right,medium,medium,61.0,84.0,77.0,63.0,74.0,73.0,40.0,38.0,46.0,79.0,68.0,79.0,67.0,75.0,48.0,85.0,74.0,73.0,85.0,73.0,81.0,28.0,83.0,65.0,78.0,24.0,24.0,32.0,7.0,8.0,15.0,10.0,6.0
86722,86723,100940,42707,2011-02-22 00:00:00,68.0,75.0,right,None,o,68.0,58.0,45.0,62.0,69.0,71.0,79.0,63.0,64.0,75.0,70.0,71.0,71.0,73.0,62.0,58.0,56.0,60.0,55.0,65.0,34.0,45.0,71.0,73.0,36.0,30.0,38.0,35.0,13.0,10.0,13.0,8.0,13.0
86799,86800,197756,154280,2016-04-14 00:00:00,76.0,80.0,right,high,medium,70.0,77.0,77.0,76.0,74.0,77.0,77.0,71.0,60.0,76.0,77.0,77.0,81.0,77.0,72.0,76.0,70.0,71.0,74.0,74.0,75.0,35.0,74.0,68.0,74.0,23.0,22.0,25.0,6.0,8.0,7.0,16.0,8.0
86933,86934,137987,17875,2016-03-24 00:00:00,70.0,70.0,right,medium,medium,37.0,38.0,72.0,62.0,39.0,39.0,49.0,59.0,59.0,48.0,32.0,42.0,29.0,60.0,22.0,74.0,40.0,49.0,80.0,61.0,74.0,73.0,30.0,49.0,57.0,70.0,77.0,68.0,15.0,11.0,11.0,10.0,6.0
87880,87881,7814,37787,2015-01-16 00:00:00,72.0,72.0,left,low,medium,49.0,33.0,72.0,60.0,49.0,43.0,55.0,28.0,61.0,62.0,33.0,30.0,32.0,71.0,58.0,43.0,66.0,51.0,74.0,29.0,75.0,78.0,32.0,47.0,66.0,76.0,72.0,73.0,15.0,5.0,8.0,9.0,10.0
88507,88508,219411,207511,2015-10-30 00:00:00,74.0,78.0,right,high,medium,70.0,67.0,60.0,66.0,54.0,75.0,75.0,34.0,61.0,74.0,94.0,93.0,90.0,71.0,83.0,73.0,72.0,84.0,63.0,77.0,27.0,30.0,68.0,66.0,58.0,18.0,21.0,15.0,13.0,8.0,12.0,7.0,13.0
88806,88807,185020,150330,2016-05-05 00:00:00,81.0,81.0,right,high,high,75.0,74.0,65.0,75.0,80.0,82.0,65.0,65.0,51.0,84.0,89.0,90.0,83.0,76.0,81.0,78.0,73.0,83.0,55.0,80.0,54.0,40.0,84.0,74.0,62.0,24.0,32.0,34.0,8.0,5.0,14.0,11.0,11.0
89143,89144,196881,116183,2016-04-14 00:00:00,69.0,71.0,right,medium,medium,63.0,60.0,71.0,66.0,60.0,61.0,33.0,30.0,63.0,64.0,68.0,65.0,61.0,67.0,59.0,26.0,74.0,60.0,71.0,22.0,80.0,70.0,32.0,53.0,37.0,64.0,72.0,66.0,8.0,7.0,13.0,11.0,15.0
89347,89348,211233,294862,2016-01-14 00:00:00,54.0,61.0,right,medium,medium,33.0,33.0,53.0,51.0,32.0,36.0,56.0,60.0,34.0,50.0,48.0,52.0,56.0,44.0,65.0,59.0,63.0,70.0,70.0,22.0,60.0,54.0,26.0,36.0,32.0,60.0,63.0,61.0,11.0,6.0,15.0,13.0,6.0
90665,90666,158216,75199,2013-03-22 00:00:00,64.0,64.0,right,medium,medium,64.0,25.0,53.0,56.0,47.0,45.0,71.0,44.0,61.0,53.0,56.0,66.0,47.0,59.0,59.0,64.0,64.0,59.0,72.0,31.0,72.0,70.0,45.0,52.0,43.0,62.0,71.0,59.0,12.0,11.0,15.0,14.0,11.0
91502,91503,212169,364290,2016-03-31 00:00:00,69.0,72.0,left,medium,medium,73.0,51.0,48.0,74.0,66.0,67.0,74.0,73.0,76.0,72.0,53.0,54.0,72.0,66.0,71.0,67.0,51.0,69.0,55.0,72.0,61.0,67.0,59.0,70.0,68.0,52.0,57.0,54.0,13.0,9.0,14.0,14.0,12.0
92531,92532,228760,640641,2016-01-28 00:00:00,58.0,72.0,right,medium,medium,52.0,56.0,34.0,47.0,43.0,64.0,47.0,41.0,41.0,61.0,80.0,80.0,73.0,45.0,67.0,64.0,42.0,55.0,56.0,58.0,35.0,20.0,43.0,50.0,54.0,27.0,32.0,27.0,16.0,8.0,9.0,9.0,14.0
92958,92959,190547,150670,2016-03-17 00:00:00,82.0,82.0,right,low,medium,29.0,11.0,86.0,59.0,17.0,51.0,35.0,26.0,59.0,59.0,59.0,65.0,33.0,76.0,55.0,57.0,79.0,69.0,88.0,20.0,86.0,86.0,24.0,23.0,39.0,85.0,85.0,84.0,10.0,14.0,5.0,8.0,10.0
92988,92989,177922,69541,2016-06-16 00:00:00,75.0,75.0,right,medium,medium,75.0,75.0,69.0,70.0,69.0,74.0,64.0,55.0,69.0,75.0,85.0,88.0,80.0,70.0,70.0,79.0,62.0,62.0,64.0,74.0,43.0,48.0,75.0,70.0,69.0,15.0,29.0,20.0,16.0,10.0,15.0,14.0,11.0
93343,93344,143274,37886,2016-03-24 00:00:00,67.0,67.0,right,medium,medium,48.0,28.0,71.0,68.0,34.0,44.0,42.0,41.0,66.0,58.0,31.0,32.0,54.0,61.0,59.0,56.0,54.0,68.0,67.0,37.0,65.0,75.0,35.0,47.0,49.0,68.0,71.0,66.0,12.0,9.0,12.0,15.0,11.0
94074,94075,163587,37770,2016-05-12 00:00:00,78.0,78.0,right,medium,medium,18.0,12.0,16.0,21.0,15.0,12.0,13.0,15.0,18.0,24.0,64.0,60.0,62.0,75.0,47.0,36.0,60.0,35.0,62.0,14.0,33.0,20.0,14.0,59.0,26.0,14.0,14.0,13.0,81.0,74.0,85.0,77.0,82.0
94345,94346,51366,38711,2015-05-15 00:00:00,64.0,64.0,right,medium,high,62.0,53.0,65.0,66.0,58.0,56.0,53.0,59.0,62.0,62.0,52.0,43.0,53.0,67.0,63.0,71.0,83.0,75.0,73.0,68.0,82.0,66.0,64.0,59.0,73.0,65.0,70.0,68.0,14.0,8.0,15.0,10.0,14.0
95155,95156,191077,142992,2013-11-01 00:00:00,63.0,66.0,right,medium,medium,43.0,59.0,62.0,62.0,52.0,61.0,54.0,54.0,60.0,61.0,67.0,50.0,64.0,60.0,55.0,70.0,45.0,60.0,75.0,65.0,71.0,44.0,63.0,66.0,53.0,32.0,38.0,34.0,11.0,14.0,14.0,8.0,7.0
95462,95463,210586,338295,2013-03-08 00:00:00,53.0,64.0,right,medium,medium,30.0,57.0,63.0,45.0,41.0,43.0,38.0,32.0,33.0,52.0,56.0,62.0,56.0,48.0,68.0,50.0,67.0,53.0,57.0,48.0,32.0,16.0,51.0,48.0,61.0,22.0,15.0,12.0,8.0,6.0,9.0,7.0,13.0
95540,95541,229190,230819,2016-03-10 00:00:00,56.0,62.0,left,medium,medium,43.0,30.0,43.0,44.0,23.0,56.0,29.0,35.0,32.0,49.0,67.0,62.0,58.0,56.0,48.0,40.0,62.0,70.0,58.0,33.0,60.0,50.0,51.0,36.0,33.0,57.0,60.0,67.0,11.0,14.0,11.0,8.0,12.0
96064,96065,138244,32952,2012-02-22 00:00:00,60.0,60.0,right,medium,medium,28.0,12.0,67.0,48.0,24.0,47.0,26.0,15.0,41.0,46.0,55.0,53.0,58.0,58.0,62.0,41.0,31.0,66.0,73.0,12.0,59.0,56.0,42.0,47.0,38.0,63.0,65.0,57.0,14.0,5.0,9.0,10.0,11.0
96070,96071,173513,25583,2011-02-22 00:00:00,58.0,64.0,right,,_0,49.0,60.0,52.0,49.0,51.0,62.0,43.0,45.0,36.0,56.0,71.0,68.0,71.0,51.0,66.0,57.0,72.0,69.0,67.0,51.0,35.0,25.0,55.0,52.0,53.0,21.0,25.0,18.0,8.0,13.0,6.0,9.0,13.0
96997,96998,49945,25835,2015-03-06 00:00:00,61.0,61.0,left,medium,medium,50.0,35.0,59.0,39.0,46.0,50.0,46.0,48.0,39.0,56.0,72.0,69.0,59.0,68.0,65.0,46.0,86.0,71.0,71.0,42.0,74.0,62.0,41.0,57.0,45.0,68.0,58.0,55.0,6.0,12.0,10.0,11.0,5.0
97707,97708,207538,173699,2015-07-03 00:00:00,63.0,66.0,right,medium,low,43.0,63.0,71.0,54.0,60.0,70.0,56.0,52.0,45.0,55.0,76.0,80.0,79.0,72.0,75.0,64.0,49.0,56.0,65.0,52.0,31.0,27.0,47.0,55.0,65.0,22.0,25.0,25.0,12.0,11.0,8.0,13.0,9.0
100130,100131,169607,25150,2016-04-14 00:00:00,77.0,77.0,right,low,high,61.0,49.0,67.0,75.0,61.0,64.0,57.0,58.0,74.0,74.0,69.0,68.0,64.0,72.0,71.0,77.0,63.0,79.0,78.0,62.0,91.0,77.0,47.0,67.0,64.0,72.0,82.0,80.0,11.0,9.0,15.0,14.0,15.0
100857,100858,140415,23882,2015-12-03 00:00:00,76.0,76.0,right,low,medium,65.0,55.0,41.0,85.0,47.0,76.0,61.0,58.0,79.0,81.0,64.0,61.0,77.0,78.0,91.0,51.0,70.0,70.0,58.0,48.0,77.0,73.0,55.0,82.0,59.0,70.0,75.0,69.0,10.0,16.0,7.0,7.0,15.0
101275,101276,194127,173465,2015-12-03 00:00:00,67.0,68.0,left,high,medium,63.0,61.0,46.0,63.0,61.0,71.0,62.0,64.0,58.0,67.0,76.0,75.0,84.0,67.0,78.0,63.0,57.0,59.0,44.0,61.0,42.0,57.0,65.0,60.0,63.0,22.0,24.0,16.0,7.0,7.0,14.0,14.0,10.0
101314,101315,186351,109638,2016-06-09 00:00:00,75.0,76.0,right,medium,low,68.0,70.0,80.0,79.0,66.0,78.0,49.0,44.0,76.0,75.0,74.0,76.0,73.0,73.0,51.0,85.0,90.0,92.0,73.0,78.0,80.0,70.0,74.0,73.0,72.0,66.0,70.0,69.0,9.0,8.0,14.0,16.0,14.0
101908,101909,171971,32559,2015-09-21 00:00:00,68.0,68.0,left,medium,medium,65.0,62.0,62.0,70.0,53.0,68.0,67.0,72.0,65.0,71.0,74.0,73.0,58.0,69.0,63.0,69.0,62.0,71.0,81.0,67.0,56.0,53.0,64.0,68.0,73.0,63.0,67.0,64.0,7.0,13.0,8.0,7.0,14.0
102259,102260,207924,268257,2016-04-14 00:00:00,70.0,75.0,left,medium,medium,73.0,53.0,44.0,67.0,33.0,71.0,83.0,84.0,70.0,72.0,77.0,77.0,76.0,59.0,70.0,83.0,76.0,74.0,60.0,79.0,62.0,71.0,67.0,57.0,56.0,69.0,70.0,72.0,11.0,10.0,12.0,16.0,11.0
103012,103013,197926,192079,2016-05-12 00:00:00,71.0,76.0,left,medium,medium,62.0,33.0,68.0,78.0,58.0,68.0,61.0,60.0,76.0,76.0,55.0,64.0,68.0,68.0,68.0,67.0,72.0,76.0,78.0,68.0,64.0,66.0,62.0,70.0,60.0,58.0,60.0,60.0,4.0,4.0,4.0,4.0,4.0
103274,103275,201049,212643,2016-04-14 00:00:00,78.0,80.0,right,low,high,40.0,25.0,78.0,56.0,33.0,54.0,38.0,17.0,60.0,56.0,75.0,69.0,69.0,75.0,76.0,52.0,78.0,68.0,76.0,25.0,85.0,81.0,23.0,30.0,35.0,82.0,82.0,80.0,13.0,11.0,13.0,11.0,6.0
103443,103444,194925,196865,2016-03-10 00:00:00,61.0,66.0,right,medium,medium,30.0,64.0,63.0,54.0,55.0,50.0,30.0,28.0,38.0,53.0,71.0,73.0,62.0,52.0,63.0,62.0,80.0,61.0,77.0,47.0,66.0,24.0,65.0,50.0,65.0,44.0,37.0,33.0,7.0,14.0,10.0,16.0,13.0
103532,103533,185083,179523,2014-08-15 00:00:00,70.0,76.0,left,high,high,73.0,70.0,59.0,69.0,60.0,73.0,51.0,61.0,58.0,73.0,73.0,78.0,70.0,67.0,56.0,80.0,49.0,76.0,79.0,70.0,72.0,36.0,69.0,63.0,68.0,54.0,25.0,28.0,15.0,12.0,15.0,5.0,9.0
103555,103556,210373,361380,2015-01-23 00:00:00,65.0,67.0,right,low,medium,47.0,42.0,68.0,66.0,37.0,61.0,44.0,60.0,58.0,65.0,52.0,55.0,55.0,66.0,61.0,68.0,70.0,71.0,80.0,60.0,80.0,69.0,45.0,42.0,54.0,64.0,68.0,63.0,9.0,6.0,9.0,5.0,6.0
103836,103837,205553,190562,2016-03-24 00:00:00,71.0,73.0,right,high,medium,22.0,35.0,72.0,47.0,37.0,25.0,31.0,18.0,45.0,47.0,58.0,67.0,55.0,57.0,55.0,40.0,81.0,65.0,86.0,25.0,65.0,70.0,22.0,17.0,34.0,74.0,75.0,75.0,12.0,10.0,10.0,9.0,10.0
104014,104015,221640,67360,2015-01-30 00:00:00,58.0,58.0,left,high,medium,58.0,45.0,43.0,77.0,61.0,52.0,49.0,45.0,72.0,58.0,63.0,65.0,63.0,53.0,72.0,58.0,54.0,44.0,47.0,42.0,43.0,30.0,42.0,47.0,44.0,41.0,41.0,46.0,11.0,10.0,10.0,9.0,15.0
104052,104053,219758,300683,2016-05-12 00:00:00,71.0,75.0,right,high,medium,72.0,53.0,62.0,76.0,50.0,75.0,56.0,49.0,70.0,76.0,69.0,76.0,68.0,72.0,58.0,70.0,55.0,78.0,76.0,66.0,62.0,60.0,69.0,67.0,63.0,40.0,52.0,48.0,6.0,14.0,6.0,8.0,7.0
104070,104071,185163,74009,2016-04-07 00:00:00,74.0,74.0,right,medium,high,35.0,29.0,72.0,55.0,34.0,48.0,42.0,36.0,60.0,50.0,62.0,66.0,58.0,66.0,52.0,65.0,76.0,60.0,81.0,60.0,76.0,78.0,32.0,28.0,45.0,76.0,80.0,78.0,5.0,5.0,5.0,5.0,5.0
104339,104340,183177,18576,2015-12-17 00:00:00,75.0,75.0,right,high,medium,56.0,78.0,77.0,73.0,69.0,72.0,71.0,50.0,61.0,77.0,70.0,71.0,66.0,72.0,60.0,77.0,65.0,68.0,77.0,67.0,69.0,50.0,77.0,67.0,71.0,43.0,40.0,43.0,16.0,15.0,16.0,8.0,10.0
105611,105612,20776,42773,2014-04-18 00:00:00,63.0,63.0,right,medium,medium,72.0,42.0,53.0,67.0,40.0,66.0,58.0,47.0,65.0,65.0,67.0,68.0,66.0,60.0,58.0,60.0,67.0,50.0,67.0,49.0,69.0,63.0,64.0,63.0,49.0,64.0,65.0,67.0,7.0,5.0,13.0,13.0,7.0
106101,106102,205420,121854,2012-02-22 00:00:00,67.0,71.0,right,medium,medium,13.0,17.0,12.0,24.0,14.0,17.0,12.0,18.0,24.0,21.0,40.0,41.0,31.0,59.0,43.0,22.0,57.0,52.0,75.0,16.0,19.0,17.0,16.0,12.0,24.0,13.0,19.0,14.0,69.0,69.0,68.0,66.0,68.0
106222,106223,195396,185300,2015-05-08 00:00:00,58.0,66.0,right,medium,medium,37.0,58.0,62.0,54.0,56.0,55.0,43.0,52.0,35.0,58.0,70.0,70.0,74.0,54.0,66.0,52.0,54.0,47.0,59.0,46.0,33.0,25.0,58.0,45.0,39.0,25.0,25.0,25.0,8.0,13.0,6.0,13.0,7.0
107162,107163,186719,97699,2015-03-13 00:00:00,66.0,68.0,right,medium,medium,62.0,64.0,52.0,64.0,68.0,71.0,66.0,65.0,49.0,71.0,79.0,82.0,82.0,63.0,76.0,73.0,74.0,71.0,70.0,58.0,37.0,26.0,64.0,58.0,66.0,25.0,28.0,25.0,12.0,11.0,9.0,13.0,11.0
107706,107707,116812,37945,2010-02-22 00:00:00,63.0,66.0,right,,_0,47.0,68.0,54.0,60.0,,66.0,,63.0,48.0,64.0,73.0,75.0,,68.0,,58.0,,62.0,45.0,55.0,25.0,54.0,62.0,,60.0,25.0,23.0,,1.0,22.0,48.0,22.0,22.0
108472,108473,184807,45316,2016-04-14 00:00:00,73.0,73.0,right,medium,medium,71.0,41.0,52.0,66.0,48.0,69.0,42.0,46.0,55.0,67.0,81.0,82.0,88.0,75.0,87.0,66.0,84.0,84.0,50.0,45.0,70.0,74.0,61.0,55.0,43.0,71.0,72.0,75.0,14.0,11.0,7.0,13.0,12.0
109922,109923,158196,26494,2016-04-07 00:00:00,64.0,64.0,right,high,medium,59.0,62.0,67.0,59.0,58.0,61.0,56.0,48.0,45.0,62.0,64.0,66.0,62.0,59.0,67.0,71.0,72.0,63.0,75.0,58.0,62.0,40.0,61.0,61.0,65.0,16.0,20.0,20.0,9.0,10.0,11.0,9.0,14.0
110391,110392,183188,96532,2016-04-21 00:00:00,66.0,66.0,right,high,medium,68.0,46.0,50.0,64.0,34.0,62.0,58.0,47.0,60.0,66.0,76.0,69.0,69.0,67.0,60.0,62.0,65.0,78.0,69.0,55.0,68.0,66.0,50.0,42.0,49.0,59.0,64.0,65.0,5.0,7.0,9.0,15.0,12.0
110501,110502,188992,68436,2015-09-21 00:00:00,73.0,73.0,left,high,medium,74.0,47.0,63.0,73.0,73.0,78.0,74.0,72.0,69.0,75.0,76.0,84.0,79.0,74.0,74.0,68.0,62.0,75.0,65.0,69.0,75.0,60.0,76.0,62.0,70.0,57.0,69.0,69.0,13.0,13.0,16.0,14.0,7.0
111816,111817,194083,179817,2016-04-28 00:00:00,69.0,69.0,right,medium,medium,58.0,73.0,72.0,64.0,58.0,71.0,44.0,46.0,49.0,70.0,66.0,71.0,71.0,70.0,65.0,70.0,73.0,73.0,71.0,58.0,69.0,50.0,66.0,64.0,57.0,20.0,23.0,15.0,15.0,11.0,10.0,8.0,8.0
113006,113007,6083,30870,2011-02-22 00:00:00,72.0,85.0,left,y,es,80.0,48.0,66.0,78.0,72.0,74.0,76.0,64.0,75.0,78.0,67.0,73.0,68.0,72.0,69.0,79.0,69.0,71.0,69.0,76.0,55.0,66.0,70.0,74.0,74.0,65.0,75.0,75.0,11.0,15.0,15.0,13.0,12.0
113189,113190,189902,148483,2015-03-06 00:00:00,64.0,64.0,right,medium,medium,25.0,25.0,25.0,33.0,25.0,25.0,25.0,25.0,25.0,24.0,36.0,39.0,34.0,65.0,44.0,26.0,68.0,38.0,63.0,25.0,37.0,21.0,25.0,25.0,24.0,25.0,25.0,25.0,66.0,64.0,50.0,64.0,65.0
113810,113811,164335,35444,2015-09-25 00:00:00,62.0,62.0,right,medium,medium,58.0,49.0,58.0,68.0,57.0,52.0,44.0,48.0,56.0,56.0,49.0,62.0,63.0,58.0,49.0,68.0,59.0,49.0,62.0,63.0,60.0,58.0,69.0,79.0,63.0,47.0,62.0,59.0,9.0,12.0,8.0,12.0,11.0
114286,114287,148518,43313,2016-04-28 00:00:00,64.0,64.0,right,medium,medium,12.0,11.0,13.0,27.0,15.0,6.0,12.0,12.0,24.0,11.0,25.0,30.0,43.0,57.0,46.0,18.0,74.0,43.0,61.0,12.0,51.0,16.0,12.0,33.0,15.0,11.0,11.0,12.0,68.0,56.0,73.0,64.0,69.0
114960,114961,189354,96619,2015-12-17 00:00:00,78.0,78.0,right,high,medium,86.0,72.0,52.0,80.0,66.0,81.0,82.0,80.0,81.0,79.0,78.0,76.0,74.0,75.0,76.0,79.0,66.0,72.0,62.0,77.0,63.0,43.0,76.0,77.0,59.0,17.0,24.0,28.0,12.0,7.0,8.0,6.0,10.0
115115,115116,179546,71353,2016-04-14 00:00:00,75.0,76.0,right,high,low,73.0,60.0,42.0,77.0,75.0,82.0,82.0,74.0,66.0,81.0,79.0,73.0,85.0,67.0,90.0,63.0,67.0,65.0,32.0,73.0,35.0,25.0,70.0,78.0,58.0,26.0,23.0,22.0,13.0,9.0,14.0,16.0,11.0
115925,115926,52998,39000,2015-03-27 00:00:00,63.0,63.0,right,medium,medium,32.0,30.0,74.0,60.0,37.0,36.0,23.0,36.0,57.0,53.0,38.0,32.0,33.0,67.0,38.0,68.0,34.0,32.0,78.0,33.0,64.0,65.0,53.0,43.0,53.0,62.0,62.0,60.0,10.0,7.0,13.0,5.0,7.0
116633,116634,222994,541330,2016-04-21 00:00:00,71.0,77.0,left,medium,high,46.0,39.0,59.0,68.0,41.0,68.0,45.0,37.0,64.0,73.0,74.0,69.0,72.0,67.0,75.0,74.0,68.0,77.0,76.0,53.0,88.0,78.0,54.0,61.0,41.0,64.0,73.0,68.0,9.0,15.0,10.0,15.0,8.0
117274,117275,185120,96646,2016-04-07 00:00:00,69.0,69.0,right,medium,medium,43.0,22.0,67.0,52.0,24.0,39.0,39.0,37.0,50.0,52.0,55.0,62.0,70.0,66.0,54.0,54.0,87.0,64.0,75.0,32.0,74.0,64.0,24.0,23.0,30.0,70.0,73.0,70.0,10.0,9.0,9.0,14.0,7.0
117770,117771,222329,502539,2016-03-31 00:00:00,58.0,66.0,right,high,medium,42.0,47.0,48.0,60.0,43.0,63.0,38.0,37.0,58.0,62.0,73.0,81.0,83.0,49.0,84.0,56.0,64.0,57.0,32.0,39.0,56.0,41.0,49.0,56.0,49.0,33.0,41.0,40.0,9.0,7.0,12.0,15.0,13.0
118639,118640,229482,429986,2016-03-10 00:00:00,57.0,63.0,right,medium,medium,22.0,17.0,64.0,31.0,24.0,31.0,27.0,26.0,27.0,28.0,57.0,62.0,45.0,47.0,48.0,37.0,65.0,62.0,74.0,20.0,49.0,51.0,21.0,35.0,38.0,53.0,69.0,60.0,13.0,7.0,7.0,8.0,11.0
118682,118683,159028,18823,2016-05-05 00:00:00,73.0,73.0,right,medium,medium,37.0,32.0,79.0,62.0,36.0,48.0,56.0,55.0,68.0,62.0,53.0,55.0,62.0,63.0,58.0,72.0,88.0,60.0,78.0,57.0,69.0,71.0,47.0,50.0,53.0,74.0,77.0,74.0,3.0,5.0,3.0,3.0,5.0
118954,118955,202329,303998,2012-02-22 00:00:00,62.0,70.0,left,medium,medium,24.0,40.0,56.0,58.0,42.0,33.0,41.0,45.0,60.0,62.0,64.0,64.0,65.0,58.0,63.0,65.0,61.0,44.0,69.0,62.0,61.0,60.0,34.0,55.0,67.0,64.0,62.0,62.0,5.0,11.0,7.0,10.0,15.0
122085,122086,201845,203940,2016-04-07 00:00:00,65.0,69.0,right,medium,high,61.0,54.0,55.0,69.0,47.0,74.0,48.0,44.0,62.0,68.0,56.0,65.0,67.0,60.0,72.0,56.0,65.0,70.0,75.0,52.0,71.0,66.0,64.0,59.0,53.0,65.0,63.0,57.0,7.0,13.0,8.0,9.0,7.0
122369,122370,204902,291106,2015-10-23 00:00:00,61.0,68.0,right,high,medium,45.0,50.0,48.0,57.0,43.0,66.0,48.0,51.0,55.0,58.0,75.0,79.0,80.0,57.0,78.0,58.0,56.0,59.0,55.0,37.0,50.0,34.0,83.0,55.0,54.0,49.0,47.0,34.0,7.0,6.0,14.0,10.0,11.0
122534,122535,169721,24208,2016-04-14 00:00:00,77.0,78.0,right,medium,medium,66.0,42.0,83.0,67.0,43.0,64.0,45.0,32.0,63.0,66.0,74.0,76.0,70.0,68.0,67.0,63.0,90.0,69.0,87.0,39.0,85.0,72.0,58.0,51.0,53.0,75.0,77.0,78.0,7.0,16.0,15.0,16.0,8.0
122778,122779,137114,40001,2015-10-16 00:00:00,76.0,76.0,right,medium,medium,30.0,26.0,77.0,56.0,16.0,38.0,19.0,55.0,64.0,52.0,54.0,62.0,46.0,68.0,43.0,82.0,76.0,65.0,93.0,44.0,82.0,78.0,33.0,24.0,25.0,75.0,81.0,71.0,15.0,6.0,9.0,7.0,15.0
123610,123611,198634,196226,2012-02-22 00:00:00,57.0,62.0,right,low,high,36.0,32.0,57.0,47.0,31.0,46.0,44.0,37.0,45.0,46.0,69.0,65.0,52.0,52.0,40.0,50.0,56.0,64.0,90.0,40.0,57.0,63.0,20.0,48.0,49.0,51.0,55.0,52.0,15.0,15.0,15.0,13.0,8.0
123839,123840,53842,23275,2016-04-14 00:00:00,65.0,65.0,right,medium,high,65.0,62.0,49.0,70.0,46.0,62.0,74.0,68.0,65.0,68.0,49.0,46.0,55.0,66.0,56.0,72.0,50.0,64.0,71.0,68.0,53.0,50.0,56.0,68.0,68.0,47.0,58.0,49.0,15.0,11.0,16.0,16.0,13.0
124705,124706,206074,458660,2016-04-14 00:00:00,66.0,74.0,right,medium,medium,28.0,13.0,64.0,48.0,17.0,41.0,23.0,22.0,40.0,45.0,53.0,66.0,48.0,63.0,58.0,29.0,73.0,57.0,73.0,15.0,63.0,62.0,21.0,18.0,30.0,69.0,72.0,69.0,8.0,8.0,7.0,14.0,10.0
124787,124788,171098,27723,2011-02-22 00:00:00,67.0,76.0,right,None,o,46.0,33.0,60.0,61.0,22.0,40.0,26.0,41.0,67.0,48.0,66.0,70.0,63.0,60.0,72.0,58.0,68.0,72.0,74.0,41.0,70.0,73.0,42.0,49.0,41.0,70.0,70.0,65.0,9.0,11.0,13.0,14.0,6.0
124941,124942,189115,120082,2015-10-30 00:00:00,63.0,69.0,left,medium,medium,63.0,36.0,48.0,61.0,36.0,51.0,29.0,19.0,55.0,59.0,68.0,67.0,65.0,53.0,61.0,62.0,58.0,73.0,58.0,40.0,62.0,66.0,52.0,45.0,51.0,62.0,64.0,64.0,11.0,15.0,9.0,7.0,8.0
125284,125285,178322,71724,2016-04-14 00:00:00,78.0,79.0,right,high,high,82.0,68.0,56.0,79.0,68.0,78.0,73.0,74.0,73.0,77.0,83.0,85.0,78.0,78.0,77.0,80.0,75.0,87.0,67.0,77.0,69.0,78.0,76.0,72.0,75.0,72.0,76.0,75.0,7.0,16.0,6.0,12.0,11.0
125453,125454,210555,317580,2016-04-07 00:00:00,69.0,76.0,right,medium,medium,32.0,29.0,71.0,62.0,28.0,50.0,35.0,32.0,50.0,60.0,58.0,67.0,58.0,68.0,63.0,47.0,73.0,65.0,75.0,31.0,71.0,67.0,30.0,49.0,46.0,70.0,72.0,67.0,14.0,15.0,15.0,14.0,13.0
125576,125577,216742,196176,2014-04-18 00:00:00,57.0,65.0,right,medium,high,49.0,33.0,54.0,62.0,30.0,49.0,41.0,41.0,58.0,54.0,56.0,52.0,57.0,48.0,52.0,46.0,61.0,52.0,81.0,31.0,58.0,49.0,34.0,45.0,46.0,49.0,54.0,56.0,8.0,11.0,11.0,13.0,12.0
126054,126055,45119,24011,2016-01-28 00:00:00,78.0,78.0,right,medium,medium,77.0,68.0,62.0,83.0,75.0,73.0,79.0,79.0,83.0,81.0,46.0,44.0,62.0,72.0,75.0,77.0,65.0,65.0,63.0,72.0,75.0,75.0,70.0,79.0,85.0,70.0,70.0,65.0,15.0,14.0,14.0,11.0,12.0
126330,126331,47688,42106,2011-08-30 00:00:00,60.0,60.0,right,medium,medium,49.0,65.0,64.0,55.0,55.0,56.0,40.0,45.0,39.0,61.0,34.0,31.0,45.0,67.0,61.0,62.0,38.0,34.0,73.0,57.0,54.0,45.0,62.0,45.0,53.0,12.0,20.0,12.0,14.0,15.0,12.0,8.0,7.0
126823,126824,204512,208814,2016-04-14 00:00:00,62.0,66.0,right,medium,medium,62.0,57.0,42.0,56.0,42.0,60.0,43.0,49.0,53.0,59.0,94.0,93.0,83.0,68.0,86.0,54.0,93.0,64.0,47.0,60.0,55.0,59.0,50.0,45.0,43.0,39.0,39.0,37.0,7.0,13.0,7.0,15.0,15.0
127342,127343,206254,198607,2014-08-01 00:00:00,67.0,72.0,right,medium,medium,72.0,58.0,59.0,61.0,56.0,66.0,69.0,62.0,60.0,70.0,79.0,76.0,77.0,55.0,65.0,54.0,58.0,66.0,60.0,59.0,50.0,45.0,62.0,68.0,67.0,25.0,51.0,29.0,14.0,9.0,10.0,12.0,9.0
127601,127602,34663,25849,2011-08-30 00:00:00,61.0,61.0,right,medium,medium,48.0,61.0,60.0,63.0,47.0,55.0,45.0,45.0,52.0,54.0,72.0,69.0,80.0,67.0,67.0,65.0,79.0,58.0,60.0,50.0,56.0,43.0,67.0,52.0,58.0,43.0,48.0,42.0,14.0,6.0,11.0,9.0,5.0
128400,128401,4667,32746,2016-02-18 00:00:00,77.0,77.0,right,medium,medium,10.0,10.0,11.0,25.0,10.0,12.0,16.0,13.0,24.0,22.0,34.0,42.0,49.0,74.0,43.0,22.0,76.0,23.0,62.0,12.0,35.0,14.0,12.0,35.0,21.0,14.0,10.0,13.0,78.0,77.0,57.0,83.0,78.0
128730,128731,45587,25977,2013-12-13 00:00:00,64.0,64.0,right,medium,low,57.0,60.0,74.0,64.0,58.0,56.0,47.0,57.0,53.0,58.0,52.0,63.0,49.0,68.0,46.0,68.0,48.0,65.0,75.0,62.0,62.0,27.0,69.0,63.0,60.0,28.0,28.0,22.0,11.0,11.0,6.0,11.0,15.0
129141,129142,172124,26332,2015-05-15 00:00:00,79.0,79.0,right,high,medium,71.0,80.0,75.0,72.0,81.0,79.0,72.0,60.0,62.0,78.0,86.0,85.0,85.0,78.0,70.0,82.0,80.0,75.0,77.0,76.0,68.0,31.0,81.0,70.0,72.0,26.0,42.0,32.0,8.0,12.0,10.0,9.0,8.0
129446,129447,178374,38947,2014-03-28 00:00:00,67.0,70.0,right,medium,low,50.0,67.0,56.0,64.0,69.0,67.0,64.0,69.0,41.0,68.0,77.0,71.0,78.0,66.0,60.0,75.0,72.0,64.0,67.0,68.0,54.0,28.0,66.0,65.0,71.0,39.0,28.0,26.0,8.0,13.0,13.0,9.0,13.0
129635,129636,177525,38336,2016-05-12 00:00:00,75.0,75.0,right,medium,medium,77.0,65.0,47.0,77.0,62.0,82.0,72.0,62.0,67.0,79.0,81.0,82.0,78.0,69.0,65.0,70.0,74.0,71.0,76.0,68.0,70.0,44.0,70.0,69.0,52.0,43.0,33.0,32.0,6.0,8.0,8.0,15.0,13.0
130604,130605,218474,79985,2014-10-02 00:00:00,57.0,57.0,right,medium,medium,52.0,40.0,52.0,60.0,40.0,39.0,42.0,41.0,67.0,55.0,63.0,69.0,59.0,49.0,65.0,49.0,72.0,56.0,58.0,30.0,51.0,45.0,43.0,49.0,44.0,59.0,62.0,58.0,15.0,10.0,5.0,12.0,12.0
130651,130652,184239,209387,2015-12-10 00:00:00,60.0,64.0,right,medium,medium,56.0,51.0,34.0,50.0,51.0,68.0,55.0,52.0,46.0,65.0,76.0,74.0,88.0,61.0,86.0,48.0,86.0,56.0,35.0,33.0,42.0,21.0,53.0,42.0,65.0,24.0,25.0,22.0,15.0,10.0,7.0,7.0,12.0
130925,130926,189303,156556,2015-09-21 00:00:00,74.0,79.0,right,high,medium,60.0,73.0,74.0,69.0,67.0,73.0,67.0,47.0,55.0,79.0,77.0,76.0,74.0,67.0,68.0,78.0,70.0,70.0,76.0,69.0,79.0,36.0,77.0,65.0,75.0,33.0,40.0,29.0,8.0,7.0,7.0,7.0,10.0
131430,131431,165272,69242,2014-03-28 00:00:00,61.0,61.0,right,high,medium,63.0,30.0,50.0,65.0,56.0,55.0,65.0,61.0,64.0,63.0,64.0,63.0,60.0,68.0,73.0,48.0,70.0,40.0,37.0,53.0,70.0,59.0,45.0,65.0,59.0,63.0,63.0,48.0,11.0,5.0,7.0,8.0,12.0
132805,132806,184144,164031,2016-02-25 00:00:00,83.0,83.0,left,medium,medium,86.0,73.0,57.0,84.0,84.0,87.0,89.0,72.0,81.0,86.0,85.0,82.0,88.0,84.0,83.0,75.0,68.0,72.0,50.0,74.0,57.0,40.0,79.0,85.0,71.0,30.0,42.0,43.0,8.0,11.0,9.0,7.0,5.0
132834,132835,12489,26137,2012-02-22 00:00:00,66.0,66.0,left,medium,medium,34.0,38.0,74.0,66.0,25.0,36.0,41.0,73.0,69.0,62.0,30.0,29.0,29.0,62.0,38.0,67.0,81.0,32.0,81.0,57.0,62.0,67.0,25.0,54.0,71.0,70.0,65.0,48.0,13.0,7.0,9.0,12.0,12.0
134308,134309,170801,97363,2016-02-11 00:00:00,73.0,73.0,right,medium,medium,11.0,15.0,11.0,21.0,13.0,12.0,13.0,13.0,16.0,23.0,42.0,41.0,51.0,69.0,70.0,21.0,78.0,30.0,71.0,14.0,27.0,21.0,16.0,32.0,13.0,17.0,17.0,13.0,75.0,73.0,67.0,74.0,73.0
134476,134477,183982,134232,2016-03-03 00:00:00,75.0,75.0,right,high,medium,70.0,76.0,76.0,75.0,73.0,71.0,69.0,66.0,60.0,74.0,71.0,75.0,72.0,74.0,68.0,75.0,73.0,70.0,72.0,72.0,49.0,42.0,76.0,70.0,76.0,20.0,39.0,16.0,11.0,13.0,6.0,7.0,12.0
134589,134590,183108,46120,2016-01-21 00:00:00,78.0,78.0,right,medium,low,78.0,76.0,68.0,81.0,73.0,86.0,76.0,68.0,67.0,83.0,87.0,85.0,88.0,76.0,75.0,81.0,56.0,73.0,75.0,72.0,67.0,34.0,77.0,82.0,77.0,29.0,41.0,29.0,11.0,14.0,7.0,6.0,13.0
134774,134775,203619,164470,2016-04-14 00:00:00,70.0,70.0,right,medium,medium,35.0,42.0,68.0,59.0,31.0,53.0,30.0,37.0,41.0,60.0,60.0,67.0,58.0,62.0,58.0,39.0,74.0,53.0,75.0,35.0,74.0,68.0,41.0,47.0,31.0,73.0,77.0,67.0,13.0,9.0,10.0,11.0,9.0
135029,135030,165199,94558,2010-02-22 00:00:00,67.0,71.0,right,,_0,38.0,25.0,71.0,58.0,,58.0,,43.0,48.0,62.0,70.0,72.0,,65.0,,43.0,,58.0,74.0,57.0,73.0,54.0,60.0,,56.0,67.0,66.0,,8.0,21.0,48.0,21.0,21.0
135729,135730,203455,184105,2016-05-12 00:00:00,66.0,68.0,left,high,medium,65.0,49.0,56.0,64.0,64.0,67.0,69.0,76.0,62.0,67.0,72.0,74.0,64.0,72.0,56.0,85.0,32.0,72.0,76.0,78.0,78.0,56.0,66.0,55.0,61.0,60.0,60.0,58.0,16.0,7.0,13.0,14.0,12.0
135840,135841,205323,277705,2012-08-31 00:00:00,63.0,70.0,right,medium,medium,38.0,65.0,65.0,58.0,60.0,59.0,64.0,46.0,52.0,62.0,68.0,66.0,59.0,59.0,69.0,62.0,75.0,54.0,64.0,55.0,31.0,20.0,65.0,60.0,69.0,16.0,14.0,20.0,6.0,5.0,14.0,7.0,7.0
136345,136346,193201,178749,2015-12-10 00:00:00,69.0,73.0,left,high,medium,64.0,63.0,50.0,66.0,60.0,74.0,62.0,39.0,54.0,71.0,83.0,84.0,81.0,67.0,79.0,72.0,82.0,63.0,62.0,66.0,52.0,58.0,72.0,64.0,60.0,58.0,67.0,65.0,11.0,8.0,9.0,8.0,15.0
136792,136793,171139,80500,2016-05-12 00:00:00,66.0,66.0,right,medium,high,58.0,63.0,63.0,61.0,51.0,66.0,63.0,67.0,57.0,70.0,63.0,69.0,74.0,59.0,56.0,80.0,70.0,70.0,72.0,58.0,56.0,42.0,70.0,48.0,67.0,26.0,35.0,30.0,12.0,6.0,11.0,10.0,10.0
137358,137359,169898,40980,2015-12-17 00:00:00,62.0,62.0,right,medium,medium,20.0,11.0,16.0,22.0,11.0,11.0,11.0,12.0,13.0,22.0,55.0,56.0,61.0,60.0,44.0,13.0,61.0,39.0,73.0,13.0,37.0,24.0,11.0,33.0,16.0,11.0,11.0,12.0,63.0,51.0,51.0,64.0,73.0
139735,139736,208114,322354,2016-05-12 00:00:00,67.0,70.0,right,medium,medium,57.0,38.0,51.0,58.0,41.0,62.0,44.0,51.0,48.0,65.0,77.0,79.0,75.0,66.0,70.0,66.0,59.0,67.0,51.0,45.0,70.0,72.0,55.0,48.0,45.0,70.0,72.0,66.0,10.0,7.0,13.0,16.0,9.0
140035,140036,27544,26716,2008-08-30 00:00:00,63.0,66.0,left,,_0,49.0,51.0,65.0,60.0,,47.0,,54.0,58.0,58.0,60.0,61.0,,62.0,,61.0,,67.0,69.0,60.0,65.0,62.0,64.0,,62.0,64.0,61.0,,7.0,22.0,58.0,22.0,22.0
140128,140129,189110,112123,2014-02-28 00:00:00,63.0,69.0,left,medium,high,58.0,27.0,64.0,54.0,25.0,41.0,58.0,25.0,51.0,54.0,73.0,69.0,77.0,59.0,63.0,41.0,76.0,80.0,70.0,21.0,61.0,62.0,22.0,46.0,32.0,63.0,63.0,64.0,14.0,9.0,5.0,9.0,9.0
140528,140529,148839,26618,2015-10-23 00:00:00,77.0,77.0,right,medium,medium,78.0,42.0,63.0,75.0,33.0,72.0,62.0,49.0,68.0,71.0,74.0,75.0,71.0,75.0,73.0,66.0,78.0,79.0,70.0,52.0,69.0,81.0,51.0,60.0,86.0,79.0,78.0,81.0,7.0,10.0,14.0,9.0,12.0
140662,140663,164256,27613,2014-05-16 00:00:00,76.0,76.0,right,high,low,62.0,79.0,70.0,75.0,65.0,76.0,73.0,74.0,64.0,78.0,79.0,83.0,85.0,78.0,71.0,74.0,80.0,77.0,76.0,69.0,42.0,25.0,79.0,77.0,75.0,25.0,25.0,25.0,11.0,5.0,6.0,9.0,7.0
140719,140720,163072,115488,2013-05-10 00:00:00,62.0,64.0,right,medium,medium,54.0,31.0,51.0,56.0,44.0,55.0,46.0,43.0,57.0,59.0,69.0,66.0,60.0,61.0,70.0,67.0,64.0,68.0,67.0,62.0,64.0,66.0,37.0,51.0,47.0,64.0,67.0,63.0,5.0,7.0,7.0,7.0,12.0
141170,141171,199220,98027,2015-09-21 00:00:00,62.0,62.0,right,low,high,52.0,22.0,61.0,60.0,36.0,51.0,41.0,31.0,64.0,49.0,70.0,66.0,65.0,61.0,70.0,46.0,61.0,73.0,67.0,35.0,88.0,60.0,33.0,25.0,39.0,63.0,64.0,67.0,9.0,8.0,9.0,13.0,6.0
142544,142545,163480,39977,2014-02-21 00:00:00,64.0,64.0,left,medium,medium,50.0,38.0,66.0,62.0,23.0,42.0,50.0,54.0,64.0,50.0,50.0,35.0,60.0,63.0,61.0,57.0,61.0,68.0,71.0,58.0,66.0,65.0,32.0,58.0,52.0,64.0,65.0,65.0,15.0,8.0,5.0,9.0,9.0
143098,143099,249,30371,2013-05-24 00:00:00,74.0,74.0,right,medium,high,73.0,36.0,69.0,74.0,63.0,53.0,45.0,41.0,72.0,72.0,52.0,51.0,65.0,83.0,70.0,77.0,71.0,61.0,76.0,64.0,78.0,83.0,48.0,57.0,69.0,77.0,75.0,72.0,10.0,7.0,12.0,5.0,7.0
143341,143342,189242,184536,2016-04-14 00:00:00,84.0,88.0,right,high,medium,74.0,70.0,47.0,85.0,75.0,87.0,84.0,72.0,78.0,88.0,89.0,77.0,91.0,75.0,91.0,79.0,59.0,73.0,56.0,80.0,35.0,30.0,76.0,87.0,64.0,24.0,38.0,35.0,12.0,7.0,9.0,14.0,6.0
143726,143727,205578,280134,2016-05-19 00:00:00,66.0,69.0,right,medium,medium,59.0,33.0,64.0,57.0,32.0,61.0,39.0,32.0,52.0,62.0,75.0,78.0,68.0,63.0,59.0,56.0,71.0,70.0,72.0,45.0,67.0,60.0,38.0,39.0,41.0,66.0,69.0,67.0,7.0,14.0,11.0,8.0,9.0
146605,146606,198573,231811,2016-02-04 00:00:00,71.0,72.0,right,medium,medium,27.0,29.0,53.0,70.0,34.0,44.0,52.0,46.0,65.0,62.0,31.0,33.0,33.0,67.0,34.0,73.0,33.0,82.0,92.0,54.0,72.0,76.0,54.0,69.0,44.0,52.0,84.0,63.0,12.0,6.0,6.0,10.0,15.0
146694,146695,184423,212863,2016-06-02 00:00:00,65.0,65.0,right,medium,medium,64.0,54.0,55.0,66.0,63.0,64.0,54.0,66.0,65.0,65.0,72.0,73.0,75.0,66.0,62.0,64.0,55.0,67.0,58.0,65.0,63.0,37.0,65.0,65.0,58.0,14.0,15.0,13.0,14.0,6.0,14.0,6.0,13.0
147144,147145,148224,25923,2015-09-21 00:00:00,76.0,76.0,right,medium,medium,74.0,66.0,64.0,78.0,78.0,76.0,78.0,76.0,77.0,78.0,69.0,74.0,70.0,78.0,74.0,84.0,70.0,78.0,72.0,81.0,82.0,78.0,74.0,74.0,75.0,74.0,64.0,72.0,12.0,10.0,6.0,6.0,13.0
148144,148145,142313,11329,2016-04-14 00:00:00,69.0,69.0,left,medium,high,72.0,45.0,69.0,65.0,60.0,61.0,54.0,54.0,62.0,66.0,61.0,62.0,65.0,65.0,73.0,65.0,70.0,71.0,63.0,64.0,67.0,68.0,37.0,60.0,59.0,70.0,75.0,74.0,6.0,12.0,12.0,12.0,15.0
148652,148653,53797,22427,2010-02-22 00:00:00,70.0,72.0,right,,_0,66.0,50.0,55.0,75.0,,64.0,,73.0,70.0,70.0,73.0,71.0,,75.0,,77.0,,75.0,72.0,69.0,70.0,80.0,75.0,,76.0,53.0,55.0,,10.0,21.0,70.0,21.0,21.0
149802,149803,179695,95225,2015-10-09 00:00:00,72.0,72.0,right,medium,medium,72.0,60.0,63.0,76.0,68.0,73.0,59.0,66.0,76.0,74.0,65.0,64.0,67.0,70.0,63.0,79.0,64.0,81.0,73.0,76.0,76.0,71.0,68.0,74.0,64.0,63.0,64.0,65.0,10.0,10.0,7.0,8.0,12.0
150331,150332,167931,23979,2016-03-17 00:00:00,69.0,69.0,left,medium,medium,16.0,11.0,13.0,28.0,13.0,15.0,16.0,12.0,31.0,22.0,47.0,48.0,54.0,67.0,42.0,11.0,52.0,32.0,71.0,12.0,12.0,22.0,12.0,35.0,43.0,15.0,12.0,15.0,70.0,67.0,68.0,69.0,72.0
150788,150789,139036,34382,2010-08-30 00:00:00,73.0,82.0,right,None,o,11.0,13.0,9.0,25.0,11.0,20.0,12.0,10.0,22.0,21.0,61.0,66.0,51.0,74.0,83.0,37.0,78.0,23.0,71.0,10.0,68.0,27.0,18.0,54.0,23.0,11.0,12.0,11.0,61.0,76.0,83.0,83.0,68.0
150999,151000,199559,212770,2016-04-28 00:00:00,70.0,75.0,right,medium,medium,35.0,74.0,76.0,53.0,66.0,56.0,57.0,36.0,35.0,74.0,55.0,69.0,55.0,69.0,55.0,74.0,83.0,69.0,83.0,58.0,40.0,19.0,73.0,34.0,68.0,13.0,13.0,12.0,14.0,11.0,10.0,13.0,7.0
152774,152775,100964,33344,2013-11-22 00:00:00,69.0,69.0,right,medium,medium,69.0,66.0,74.0,68.0,69.0,71.0,69.0,50.0,65.0,72.0,70.0,70.0,59.0,72.0,57.0,65.0,81.0,72.0,68.0,69.0,54.0,45.0,70.0,66.0,63.0,33.0,38.0,44.0,13.0,10.0,12.0,11.0,11.0
153066,153067,2196,27358,2016-05-12 00:00:00,79.0,79.0,left,medium,medium,14.0,11.0,17.0,31.0,11.0,12.0,14.0,10.0,20.0,19.0,20.0,26.0,28.0,78.0,36.0,25.0,69.0,28.0,76.0,11.0,38.0,13.0,8.0,32.0,17.0,11.0,17.0,18.0,79.0,81.0,53.0,79.0,77.0
153548,153549,164132,22434,2014-04-11 00:00:00,66.0,66.0,right,medium,medium,60.0,69.0,65.0,62.0,67.0,62.0,60.0,62.0,50.0,64.0,62.0,68.0,66.0,63.0,63.0,73.0,76.0,47.0,69.0,64.0,70.0,34.0,67.0,57.0,71.0,34.0,29.0,21.0,7.0,10.0,8.0,13.0,6.0
154049,154050,10704,30592,2010-02-22 00:00:00,72.0,88.0,right,,_0,65.0,79.0,77.0,66.0,,63.0,,76.0,51.0,71.0,65.0,66.0,,72.0,,77.0,,64.0,71.0,70.0,21.0,80.0,79.0,,82.0,23.0,22.0,,4.0,23.0,51.0,23.0,23.0
155085,155086,162886,24903,2015-10-09 00:00:00,73.0,73.0,right,medium,medium,60.0,55.0,68.0,67.0,50.0,60.0,47.0,45.0,65.0,54.0,69.0,64.0,65.0,74.0,67.0,70.0,74.0,78.0,73.0,46.0,75.0,74.0,53.0,47.0,66.0,76.0,78.0,76.0,8.0,7.0,11.0,16.0,16.0
155856,155857,232294,196288,2016-04-14 00:00:00,64.0,68.0,right,medium,medium,48.0,60.0,41.0,68.0,46.0,67.0,45.0,45.0,61.0,67.0,71.0,73.0,71.0,62.0,68.0,53.0,56.0,40.0,48.0,51.0,39.0,25.0,55.0,65.0,44.0,40.0,32.0,34.0,5.0,8.0,6.0,13.0,6.0
156075,156076,211173,384407,2015-11-19 00:00:00,61.0,69.0,right,medium,high,36.0,65.0,60.0,49.0,46.0,58.0,52.0,37.0,34.0,59.0,59.0,67.0,56.0,57.0,55.0,63.0,77.0,49.0,73.0,55.0,45.0,12.0,62.0,48.0,68.0,15.0,19.0,14.0,12.0,13.0,16.0,10.0,13.0
156476,156477,213905,502421,2016-01-14 00:00:00,64.0,75.0,right,medium,medium,31.0,67.0,68.0,54.0,55.0,60.0,43.0,30.0,33.0,63.0,62.0,61.0,59.0,55.0,46.0,70.0,61.0,63.0,76.0,52.0,58.0,19.0,62.0,51.0,61.0,30.0,28.0,29.0,12.0,11.0,16.0,13.0,8.0
156816,156817,193880,187344,2014-03-28 00:00:00,64.0,69.0,right,medium,low,39.0,64.0,60.0,58.0,58.0,61.0,63.0,36.0,41.0,66.0,71.0,69.0,68.0,60.0,65.0,67.0,64.0,60.0,72.0,60.0,60.0,40.0,66.0,56.0,55.0,27.0,28.0,32.0,15.0,10.0,6.0,5.0,14.0
157699,157700,123116,34334,2016-03-10 00:00:00,67.0,67.0,right,high,low,37.0,68.0,66.0,56.0,64.0,62.0,54.0,56.0,30.0,62.0,66.0,63.0,64.0,72.0,68.0,67.0,72.0,65.0,74.0,61.0,69.0,38.0,76.0,41.0,68.0,31.0,40.0,44.0,10.0,9.0,8.0,10.0,9.0
157914,157915,213260,356960,2016-04-07 00:00:00,73.0,79.0,left,medium,medium,65.0,63.0,51.0,70.0,61.0,80.0,64.0,64.0,65.0,80.0,83.0,85.0,85.0,70.0,85.0,74.0,56.0,58.0,37.0,68.0,58.0,40.0,67.0,72.0,67.0,38.0,36.0,34.0,13.0,15.0,13.0,11.0,11.0
158460,158461,157665,23837,2016-03-24 00:00:00,78.0,78.0,right,low,medium,30.0,34.0,83.0,69.0,29.0,38.0,30.0,29.0,65.0,66.0,49.0,54.0,50.0,78.0,56.0,52.0,68.0,74.0,82.0,32.0,73.0,80.0,36.0,55.0,30.0,80.0,81.0,78.0,6.0,10.0,15.0,7.0,9.0
158787,158788,167691,24118,2015-12-24 00:00:00,62.0,62.0,right,high,medium,66.0,44.0,53.0,55.0,29.0,53.0,35.0,64.0,54.0,58.0,78.0,75.0,70.0,59.0,73.0,43.0,82.0,74.0,71.0,37.0,63.0,55.0,51.0,47.0,55.0,58.0,63.0,61.0,13.0,8.0,10.0,7.0,10.0
158963,158964,226243,604345,2016-05-19 00:00:00,59.0,67.0,right,medium,medium,56.0,29.0,53.0,61.0,37.0,58.0,50.0,51.0,58.0,62.0,62.0,67.0,64.0,54.0,64.0,54.0,60.0,63.0,65.0,46.0,60.0,57.0,47.0,56.0,47.0,56.0,60.0,59.0,12.0,14.0,8.0,16.0,9.0
159249,159250,184431,96540,2016-04-14 00:00:00,82.0,82.0,right,high,medium,75.0,81.0,37.0,82.0,70.0,86.0,86.0,86.0,70.0,87.0,90.0,88.0,93.0,77.0,93.0,75.0,53.0,75.0,48.0,80.0,73.0,26.0,83.0,85.0,75.0,23.0,23.0,28.0,6.0,3.0,6.0,3.0,3.0
159562,159563,148423,30975,2016-04-21 00:00:00,66.0,66.0,left,medium,medium,71.0,54.0,39.0,67.0,61.0,65.0,75.0,68.0,70.0,65.0,48.0,40.0,69.0,70.0,79.0,71.0,67.0,59.0,56.0,68.0,60.0,58.0,70.0,78.0,68.0,20.0,23.0,35.0,12.0,13.0,11.0,10.0,16.0
159844,159845,208907,299021,2016-03-03 00:00:00,63.0,66.0,right,high,medium,45.0,63.0,60.0,63.0,44.0,73.0,42.0,44.0,57.0,65.0,64.0,75.0,79.0,58.0,61.0,58.0,60.0,41.0,61.0,61.0,55.0,57.0,60.0,55.0,44.0,40.0,47.0,45.0,12.0,7.0,13.0,7.0,16.0
159997,159998,112243,41101,2013-09-20 00:00:00,63.0,63.0,right,medium,low,59.0,67.0,72.0,57.0,70.0,66.0,57.0,66.0,48.0,62.0,64.0,68.0,80.0,56.0,65.0,59.0,80.0,53.0,70.0,54.0,54.0,22.0,54.0,57.0,71.0,27.0,31.0,28.0,11.0,15.0,15.0,8.0,7.0
160427,160428,188427,66890,2016-04-21 00:00:00,77.0,77.0,left,high,high,82.0,66.0,68.0,78.0,65.0,80.0,76.0,61.0,78.0,78.0,78.0,84.0,74.0,78.0,76.0,84.0,71.0,90.0,78.0,78.0,76.0,72.0,78.0,70.0,55.0,64.0,78.0,76.0,5.0,12.0,14.0,10.0,5.0
161090,161091,110402,37718,2012-08-31 00:00:00,71.0,71.0,right,medium,medium,41.0,28.0,79.0,69.0,28.0,48.0,43.0,66.0,56.0,60.0,47.0,28.0,38.0,63.0,33.0,58.0,60.0,47.0,84.0,54.0,77.0,85.0,43.0,62.0,35.0,70.0,82.0,49.0,15.0,8.0,10.0,9.0,11.0
162366,162367,193871,164367,2015-12-24 00:00:00,63.0,63.0,left,high,low,62.0,60.0,47.0,51.0,59.0,66.0,63.0,61.0,43.0,62.0,85.0,83.0,78.0,58.0,72.0,69.0,63.0,65.0,48.0,58.0,61.0,37.0,58.0,60.0,61.0,13.0,19.0,19.0,7.0,12.0,13.0,11.0,10.0
162551,162552,170615,43097,2013-02-15 00:00:00,58.0,58.0,right,None,8,56.0,63.0,42.0,61.0,47.0,61.0,50.0,57.0,49.0,62.0,63.0,65.0,62.0,61.0,70.0,60.0,70.0,60.0,50.0,46.0,62.0,25.0,65.0,54.0,61.0,23.0,25.0,18.0,8.0,10.0,9.0,6.0,5.0
162918,162919,50525,24020,2013-07-12 00:00:00,71.0,71.0,right,medium,medium,81.0,58.0,59.0,74.0,81.0,75.0,67.0,72.0,71.0,76.0,65.0,54.0,65.0,64.0,71.0,75.0,69.0,48.0,70.0,68.0,60.0,48.0,68.0,73.0,52.0,30.0,41.0,39.0,10.0,10.0,7.0,5.0,15.0
164703,164704,138479,10404,2011-02-22 00:00:00,71.0,77.0,right,None,o,74.0,72.0,60.0,75.0,64.0,72.0,61.0,65.0,68.0,71.0,67.0,72.0,70.0,74.0,70.0,77.0,75.0,71.0,73.0,66.0,70.0,41.0,73.0,71.0,66.0,35.0,48.0,46.0,13.0,8.0,6.0,15.0,14.0
165399,165400,184761,22386,2015-07-03 00:00:00,65.0,65.0,right,low,high,25.0,25.0,69.0,50.0,25.0,33.0,25.0,25.0,50.0,46.0,53.0,65.0,56.0,60.0,49.0,39.0,64.0,64.0,79.0,30.0,68.0,64.0,20.0,22.0,20.0,69.0,67.0,62.0,4.0,11.0,11.0,12.0,7.0
165950,165951,208015,306990,2016-05-05 00:00:00,70.0,72.0,right,medium,high,49.0,47.0,67.0,73.0,40.0,68.0,49.0,43.0,71.0,71.0,69.0,68.0,76.0,64.0,65.0,76.0,81.0,82.0,72.0,66.0,77.0,68.0,55.0,58.0,46.0,67.0,71.0,66.0,16.0,13.0,9.0,12.0,13.0
166041,166042,138755,26159,2013-02-15 00:00:00,68.0,68.0,right,medium,medium,57.0,56.0,61.0,70.0,48.0,53.0,55.0,39.0,69.0,71.0,52.0,51.0,66.0,62.0,60.0,62.0,58.0,73.0,73.0,57.0,67.0,67.0,56.0,71.0,42.0,62.0,65.0,62.0,15.0,12.0,15.0,14.0,13.0
166125,166126,6490,41178,2010-02-22 00:00:00,64.0,74.0,right,,_0,65.0,29.0,62.0,61.0,,43.0,,45.0,59.0,62.0,58.0,60.0,,62.0,,43.0,,60.0,71.0,37.0,62.0,57.0,60.0,,71.0,66.0,68.0,,8.0,22.0,59.0,22.0,22.0
166378,166379,152992,33045,2016-04-28 00:00:00,66.0,66.0,right,medium,medium,63.0,34.0,69.0,65.0,43.0,56.0,46.0,41.0,65.0,62.0,54.0,52.0,64.0,67.0,62.0,56.0,70.0,66.0,73.0,47.0,66.0,70.0,55.0,56.0,42.0,70.0,70.0,68.0,15.0,13.0,11.0,15.0,13.0
166811,166812,134941,23283,2016-06-09 00:00:00,73.0,73.0,right,medium,medium,70.0,67.0,69.0,75.0,66.0,67.0,70.0,58.0,70.0,73.0,64.0,53.0,64.0,74.0,71.0,78.0,61.0,86.0,67.0,68.0,80.0,77.0,72.0,69.0,68.0,70.0,71.0,65.0,11.0,10.0,9.0,8.0,10.0
167959,167960,222102,182637,2015-09-21 00:00:00,65.0,65.0,left,None,5,65.0,40.0,66.0,71.0,56.0,61.0,60.0,67.0,70.0,66.0,68.0,72.0,66.0,66.0,65.0,68.0,55.0,70.0,65.0,71.0,48.0,64.0,64.0,74.0,69.0,58.0,64.0,59.0,9.0,14.0,6.0,16.0,14.0
168223,168224,211815,208208,2016-06-16 00:00:00,71.0,72.0,right,medium,medium,75.0,59.0,43.0,70.0,53.0,74.0,66.0,47.0,59.0,73.0,84.0,87.0,81.0,66.0,83.0,62.0,75.0,68.0,66.0,46.0,51.0,20.0,65.0,62.0,56.0,27.0,28.0,25.0,15.0,16.0,13.0,11.0,7.0
168620,168621,157310,41191,2016-03-10 00:00:00,75.0,75.0,left,medium,medium,75.0,70.0,55.0,78.0,72.0,80.0,74.0,79.0,77.0,78.0,77.0,65.0,78.0,73.0,84.0,76.0,61.0,68.0,57.0,72.0,63.0,35.0,57.0,77.0,73.0,57.0,60.0,49.0,7.0,9.0,9.0,12.0,12.0
168726,168727,204143,184098,2015-07-03 00:00:00,62.0,62.0,left,medium,medium,58.0,59.0,65.0,46.0,58.0,71.0,55.0,68.0,61.0,57.0,72.0,70.0,72.0,69.0,55.0,63.0,56.0,60.0,91.0,68.0,66.0,64.0,61.0,64.0,66.0,39.0,50.0,56.0,15.0,10.0,10.0,7.0,9.0
169953,169954,45269,7627,2013-02-15 00:00:00,63.0,63.0,right,low,medium,60.0,43.0,68.0,68.0,52.0,63.0,46.0,65.0,64.0,60.0,77.0,69.0,80.0,61.0,74.0,63.0,84.0,77.0,80.0,68.0,73.0,55.0,57.0,43.0,36.0,64.0,62.0,58.0,7.0,6.0,13.0,7.0,6.0
170628,170629,164626,26813,2015-12-24 00:00:00,70.0,70.0,right,medium,medium,63.0,52.0,58.0,76.0,50.0,64.0,64.0,54.0,70.0,71.0,62.0,58.0,47.0,75.0,52.0,73.0,76.0,85.0,76.0,59.0,73.0,70.0,64.0,66.0,61.0,65.0,62.0,52.0,14.0,10.0,13.0,12.0,14.0
170952,170953,173987,29049,2016-04-21 00:00:00,64.0,64.0,left,high,medium,59.0,12.0,63.0,58.0,12.0,63.0,52.0,13.0,55.0,62.0,52.0,55.0,44.0,64.0,54.0,18.0,63.0,58.0,60.0,13.0,63.0,66.0,19.0,55.0,11.0,67.0,66.0,65.0,15.0,16.0,9.0,15.0,15.0
171104,171105,203486,264190,2016-04-28 00:00:00,78.0,83.0,right,high,medium,74.0,71.0,38.0,76.0,75.0,84.0,80.0,73.0,74.0,79.0,79.0,76.0,85.0,75.0,81.0,77.0,64.0,68.0,57.0,76.0,62.0,39.0,73.0,80.0,73.0,28.0,39.0,35.0,6.0,9.0,7.0,7.0,8.0
171260,171261,138981,45294,2015-12-24 00:00:00,71.0,71.0,left,medium,medium,72.0,45.0,65.0,65.0,40.0,68.0,64.0,60.0,61.0,70.0,73.0,74.0,73.0,70.0,73.0,76.0,71.0,74.0,69.0,63.0,69.0,66.0,64.0,57.0,54.0,70.0,73.0,72.0,15.0,8.0,6.0,6.0,7.0
171304,171305,186762,130596,2015-09-21 00:00:00,71.0,72.0,right,high,medium,64.0,68.0,61.0,65.0,66.0,75.0,57.0,53.0,51.0,71.0,79.0,85.0,84.0,72.0,67.0,74.0,63.0,54.0,71.0,72.0,43.0,18.0,72.0,67.0,61.0,38.0,27.0,34.0,16.0,7.0,6.0,15.0,12.0
172291,172292,177571,42704,2016-03-10 00:00:00,68.0,68.0,right,medium,high,31.0,42.0,69.0,69.0,27.0,45.0,43.0,40.0,70.0,65.0,55.0,66.0,62.0,64.0,55.0,44.0,79.0,72.0,74.0,56.0,81.0,69.0,33.0,44.0,69.0,67.0,66.0,64.0,8.0,9.0,12.0,12.0,14.0
172413,172414,145889,183449,2016-03-24 00:00:00,77.0,77.0,right,medium,medium,77.0,44.0,59.0,72.0,37.0,65.0,41.0,43.0,68.0,74.0,77.0,77.0,74.0,76.0,71.0,63.0,80.0,84.0,49.0,37.0,83.0,79.0,49.0,59.0,45.0,78.0,78.0,82.0,11.0,12.0,16.0,10.0,14.0
172546,172547,150515,27554,2014-03-07 00:00:00,66.0,66.0,right,medium,medium,37.0,25.0,66.0,56.0,34.0,45.0,21.0,36.0,41.0,52.0,65.0,66.0,58.0,61.0,50.0,70.0,62.0,62.0,80.0,20.0,74.0,71.0,41.0,47.0,42.0,68.0,67.0,60.0,8.0,7.0,6.0,15.0,12.0
173248,173249,51580,38799,2010-08-30 00:00:00,66.0,71.0,left,,_0,69.0,61.0,43.0,64.0,61.0,66.0,70.0,70.0,62.0,63.0,71.0,70.0,68.0,66.0,61.0,69.0,63.0,65.0,53.0,67.0,48.0,46.0,68.0,61.0,64.0,32.0,36.0,41.0,5.0,9.0,9.0,15.0,7.0
173475,173476,180852,69835,2011-08-30 00:00:00,67.0,70.0,right,medium,medium,68.0,64.0,54.0,72.0,60.0,67.0,60.0,65.0,68.0,72.0,74.0,65.0,73.0,65.0,72.0,68.0,67.0,64.0,52.0,64.0,58.0,42.0,68.0,69.0,60.0,39.0,40.0,41.0,7.0,15.0,7.0,10.0,7.0
174957,174958,216295,465728,2016-04-28 00:00:00,70.0,80.0,left,high,high,63.0,71.0,52.0,61.0,66.0,73.0,56.0,40.0,56.0,70.0,85.0,81.0,84.0,68.0,83.0,71.0,79.0,60.0,61.0,57.0,54.0,17.0,63.0,66.0,62.0,17.0,14.0,12.0,13.0,7.0,8.0,14.0,11.0
175295,175296,143659,42184,2008-08-30 00:00:00,73.0,77.0,left,None,o,82.0,32.0,68.0,72.0,,72.0,,62.0,73.0,67.0,55.0,63.0,,73.0,,76.0,,75.0,80.0,73.0,82.0,75.0,78.0,,81.0,78.0,69.0,,13.0,23.0,73.0,23.0,23.0
175365,175366,215569,451941,2016-02-25 00:00:00,65.0,72.0,left,low,medium,53.0,25.0,63.0,61.0,21.0,34.0,26.0,47.0,58.0,49.0,70.0,75.0,58.0,53.0,65.0,57.0,84.0,71.0,66.0,23.0,71.0,52.0,23.0,46.0,42.0,69.0,66.0,76.0,13.0,16.0,11.0,14.0,12.0
175471,175472,229666,72819,2016-03-03 00:00:00,63.0,63.0,right,medium,medium,25.0,26.0,57.0,51.0,28.0,29.0,30.0,31.0,49.0,47.0,58.0,62.0,40.0,51.0,51.0,39.0,66.0,61.0,74.0,20.0,58.0,64.0,30.0,29.0,42.0,65.0,67.0,66.0,6.0,10.0,11.0,6.0,13.0
175542,175543,53011,36073,2014-02-21 00:00:00,66.0,66.0,right,medium,medium,45.0,25.0,70.0,51.0,24.0,41.0,33.0,36.0,50.0,56.0,34.0,46.0,51.0,66.0,38.0,60.0,61.0,62.0,78.0,28.0,68.0,64.0,34.0,45.0,44.0,67.0,67.0,64.0,14.0,13.0,13.0,6.0,15.0
175759,175760,221862,562694,2016-02-11 00:00:00,69.0,77.0,right,medium,medium,64.0,73.0,68.0,70.0,64.0,73.0,63.0,48.0,63.0,74.0,80.0,75.0,73.0,56.0,83.0,72.0,59.0,52.0,63.0,67.0,52.0,34.0,66.0,63.0,66.0,45.0,31.0,33.0,10.0,10.0,7.0,13.0,15.0
177059,177060,189506,107930,2016-02-25 00:00:00,76.0,76.0,right,medium,medium,67.0,57.0,51.0,85.0,51.0,65.0,72.0,69.0,80.0,79.0,64.0,67.0,74.0,77.0,78.0,73.0,78.0,73.0,59.0,70.0,91.0,76.0,63.0,78.0,61.0,60.0,75.0,63.0,7.0,6.0,10.0,14.0,10.0
177889,177890,101978,39496,2012-02-22 00:00:00,69.0,69.0,right,medium,medium,64.0,64.0,69.0,64.0,68.0,68.0,54.0,48.0,43.0,72.0,70.0,70.0,54.0,70.0,55.0,70.0,81.0,63.0,78.0,59.0,65.0,48.0,74.0,70.0,67.0,35.0,42.0,37.0,5.0,14.0,15.0,10.0,5.0
178682,178683,194974,183532,2014-12-12 00:00:00,64.0,67.0,left,medium,medium,62.0,52.0,36.0,59.0,48.0,74.0,72.0,57.0,55.0,66.0,77.0,75.0,78.0,62.0,83.0,50.0,52.0,62.0,50.0,54.0,45.0,25.0,60.0,51.0,53.0,28.0,28.0,25.0,7.0,7.0,10.0,12.0,14.0
179311,179312,172048,26686,2015-07-03 00:00:00,67.0,67.0,right,low,low,73.0,63.0,62.0,66.0,74.0,65.0,77.0,70.0,70.0,68.0,64.0,66.0,66.0,66.0,52.0,78.0,51.0,52.0,75.0,66.0,70.0,29.0,66.0,65.0,68.0,27.0,24.0,31.0,12.0,6.0,5.0,14.0,8.0
179664,179665,187150,114218,2016-06-09 00:00:00,69.0,71.0,right,high,medium,68.0,67.0,47.0,65.0,56.0,70.0,58.0,53.0,55.0,69.0,77.0,78.0,79.0,70.0,64.0,63.0,61.0,68.0,65.0,68.0,62.0,44.0,68.0,66.0,70.0,25.0,27.0,23.0,10.0,10.0,8.0,6.0,9.0
180151,180152,205085,267992,2016-03-31 00:00:00,67.0,69.0,right,medium,medium,53.0,33.0,66.0,63.0,42.0,53.0,47.0,50.0,63.0,63.0,67.0,71.0,52.0,66.0,61.0,65.0,67.0,73.0,70.0,46.0,74.0,67.0,31.0,49.0,53.0,64.0,66.0,67.0,13.0,8.0,8.0,12.0,15.0
180691,180692,200422,179179,2016-04-14 00:00:00,67.0,68.0,left,high,low,75.0,60.0,59.0,64.0,62.0,68.0,70.0,54.0,62.0,66.0,83.0,85.0,73.0,67.0,72.0,73.0,49.0,70.0,62.0,60.0,65.0,21.0,61.0,52.0,57.0,21.0,21.0,22.0,16.0,14.0,12.0,14.0,13.0
180731,180732,158260,67941,2016-03-24 00:00:00,67.0,67.0,right,high,high,68.0,21.0,62.0,67.0,46.0,66.0,72.0,67.0,63.0,67.0,68.0,69.0,74.0,63.0,76.0,57.0,68.0,65.0,59.0,48.0,66.0,67.0,48.0,58.0,49.0,69.0,68.0,67.0,14.0,15.0,14.0,6.0,10.0
180764,180765,188954,149140,2015-09-21 00:00:00,64.0,64.0,right,high,medium,62.0,54.0,63.0,59.0,52.0,59.0,55.0,54.0,57.0,57.0,64.0,63.0,66.0,61.0,74.0,69.0,76.0,66.0,63.0,59.0,79.0,64.0,57.0,55.0,60.0,66.0,67.0,67.0,8.0,10.0,10.0,11.0,7.0
180826,180827,205252,278842,2013-03-22 00:00:00,60.0,68.0,left,medium,medium,43.0,28.0,65.0,59.0,33.0,46.0,29.0,26.0,58.0,51.0,50.0,51.0,44.0,60.0,45.0,49.0,43.0,55.0,79.0,46.0,68.0,63.0,32.0,40.0,39.0,62.0,66.0,62.0,7.0,8.0,14.0,7.0,6.0
181293,181294,208418,354467,2016-05-19 00:00:00,80.0,85.0,right,high,medium,80.0,72.0,53.0,77.0,68.0,85.0,81.0,78.0,72.0,82.0,87.0,88.0,90.0,78.0,72.0,84.0,68.0,74.0,59.0,75.0,61.0,13.0,77.0,74.0,74.0,19.0,39.0,26.0,9.0,11.0,9.0,10.0,10.0
182574,182575,116368,25538,2016-03-24 00:00:00,69.0,69.0,right,medium,medium,68.0,69.0,73.0,71.0,67.0,66.0,55.0,68.0,66.0,72.0,68.0,58.0,74.0,69.0,63.0,72.0,85.0,76.0,79.0,69.0,62.0,33.0,65.0,68.0,74.0,24.0,39.0,26.0,12.0,10.0,13.0,16.0,8.0
182826,182827,217242,302079,2015-10-09 00:00:00,70.0,76.0,right,medium,medium,58.0,61.0,51.0,70.0,51.0,70.0,50.0,46.0,63.0,72.0,82.0,83.0,77.0,66.0,77.0,69.0,56.0,60.0,42.0,66.0,41.0,27.0,75.0,70.0,51.0,38.0,49.0,51.0,9.0,11.0,14.0,11.0,12.0
182896,182897,152552,25199,2012-02-22 00:00:00,63.0,66.0,right,medium,medium,14.0,10.0,15.0,29.0,14.0,13.0,12.0,19.0,34.0,26.0,46.0,57.0,50.0,58.0,24.0,36.0,66.0,51.0,91.0,15.0,45.0,15.0,11.0,35.0,20.0,12.0,15.0,19.0,67.0,58.0,61.0,60.0,68.0
183444,183445,139083,25906,2010-02-22 00:00:00,70.0,73.0,right,None,3,71.0,68.0,54.0,73.0,,70.0,,75.0,68.0,70.0,74.0,73.0,,66.0,,73.0,,68.0,66.0,69.0,63.0,69.0,71.0,,74.0,41.0,36.0,,8.0,23.0,68.0,23.0,23.0
183953,183954,111191,36491,2011-02-22 00:00:00,68.0,73.0,left,,_0,64.0,38.0,71.0,66.0,57.0,65.0,60.0,44.0,60.0,67.0,71.0,73.0,59.0,69.0,72.0,59.0,42.0,70.0,68.0,53.0,78.0,64.0,58.0,66.0,61.0,67.0,71.0,59.0,15.0,13.0,5.0,6.0,6.0
